average_farm_price_per_tonne,average_yield_kg_per_hectare,total_production_tonnes,seeded_area_acres,seeded_area_hectares,total_farm_value_dollars,soil_type,irrigation_used,avg_rainfall_mm,avg_temperature_c,pesticide_use_level,organic_farming,farm_size_category
520,2814,1937.21,1701.12,688.42,1007349.2,Clay,Yes,254.47,10.76,Medium,Yes,Large
416,1419,540.85,941.84,381.15,224993.6,Silty,Yes,292.75,12.74,High,Yes,Small
156,1786,281.31,389.22,157.51,43884.36,Sandy,Yes,650.62,15.65,Medium,No,Medium
208,3467,2052.85,1463.13,592.11,426992.8,Peaty,Yes,439.25,11.88,Medium,No,Large
176.8,2245,2025.03,2228.94,902.02,358025.3,Sandy,Yes,376.01,12.77,High,No,Large
208,2660,2412.57,2241.19,906.98,501814.56,Sandy,No,443.8,12.34,Medium,Yes,Small
520,3684,3102.37,2080.92,842.12,1613232.4,Clay,No,468.14,11.51,Medium,No,Small
312,1871,1834.38,2422.69,980.43,572326.56,Peaty,Yes,293.1,8.66,Medium,No,Large
187.2,4154,3478.52,2069.23,837.39,651178.94,Peaty,Yes,384.9,12.78,High,No,Small
312,2397,719.22,741.44,300.05,224396.64,Peaty,Yes,250.48,10.47,High,No,Small
166.4,2092,890.98,1052.42,425.9,148259.07,Sandy,No,382.04,18.13,High,No,Medium
166.4,1808,835.04,1141.28,461.86,138950.66,Clay,Yes,611.42,12.98,Medium,Yes,Large
260,2462,1697.52,1703.76,689.49,441355.2,Loamy,No,61.94,9.05,Medium,Yes,Large
197.6,3640,647.59,439.62,177.91,127963.78,Sandy,No,335.18,15.74,High,Yes,Small
416,1683,1268.17,1861.99,753.52,527558.72,Sandy,Yes,380.64,7.95,Low,Yes,Medium
197.6,3522,3449.02,2419.85,979.28,681526.35,Clay,No,456.45,13.36,Medium,No,Large
208,3038,1460.76,1188.15,480.83,303838.08,Sandy,No,496.94,13,Medium,No,Medium
416,1420,299.18,520.63,210.69,124458.88,Clay,Yes,286.65,14.46,Low,Yes,Small
176.8,1678,1532.28,2256.46,913.16,270907.1,Silty,Yes,292.27,12.99,Medium,No,Small
166.4,1900,702.2,913.25,369.58,116846.08,Sandy,No,492.15,12.06,High,Yes,Small
208,2891,1357.15,1160.01,469.44,282287.2,Loamy,Yes,424.12,13.49,Low,No,Small
312,3179,1011.88,786.54,318.3,315706.56,Sandy,No,530.01,11.87,Medium,No,Large
176.8,2943,945.09,793.53,321.13,167091.91,Sandy,No,393.01,17.83,Medium,No,Large
176.8,2310,1405.57,1503.56,608.47,248504.78,Loamy,Yes,328.34,11.36,Medium,No,Small
156,1171,442.63,934.03,377.99,69050.28,Loamy,Yes,133.13,4.8,Low,No,Medium
187.2,5974,3043.39,1258.85,509.44,569722.61,Sandy,No,452.19,10.2,Medium,Yes,Small
156,1909,1896.44,2454.79,993.42,295844.64,Peaty,Yes,486.72,10.15,High,Yes,Small
520,3066,1057.89,852.61,345.04,550102.8,Loamy,Yes,390.03,11.71,Medium,Yes,Medium
197.6,4073,328.24,199.14,80.59,64860.22,Loamy,No,388.59,17.09,Medium,No,Medium
166.4,1854,1812.34,2415.53,977.53,301573.38,Loamy,Yes,559.71,11.77,High,No,Medium
156,1498,1084.37,1788.74,723.88,169161.72,Silty,No,604.37,3.59,Low,Yes,Small
312,2631,2464.85,2315,936.85,769033.2,Silty,Yes,496.37,14.69,Low,Yes,Medium
166.4,2100,1768.6,2081.09,842.19,294295.04,Peaty,No,485.69,14.69,Low,No,Large
260,3801,2471.11,1606.48,650.12,642488.6,Silty,Yes,415.11,13.19,Medium,Yes,Large
520,2875,1697.95,1459.38,590.59,882934,Sandy,Yes,346.73,13.37,Medium,No,Small
520,2336,2268.02,2399.14,970.9,1179370.4,Silty,No,234.6,8.88,Medium,Yes,Large
176.8,2745,2210.58,1989.96,805.31,390830.54,Silty,Yes,558.73,9.24,High,Yes,Small
416,856,118.87,343.15,138.87,49449.92,Loamy,Yes,296.66,6.48,Medium,No,Small
312,2783,1305.78,1159.42,469.2,407403.36,Loamy,Yes,312.86,11.13,High,Yes,Large
520,3365,255.98,187.97,76.07,133109.6,Peaty,Yes,390.86,14.15,Medium,Yes,Medium
416,1539,1241.79,1993.84,806.88,516584.64,Clay,No,384.36,7.99,High,Yes,Large
416,2040,942.64,1141.82,462.08,392138.24,Sandy,No,342.06,11.32,Low,No,Medium
197.6,4466,4379.09,2422.96,980.54,865308.18,Peaty,Yes,377.18,11.11,Low,Yes,Medium
260,4241,2619.5,1526.27,617.66,681070,Silty,Yes,361.1,10.63,Low,No,Small
166.4,1995,289.59,358.7,145.16,48187.78,Clay,Yes,332.81,14.13,High,No,Small
312,3547,2201.87,1533.95,620.77,686983.44,Sandy,No,379.66,13.46,Medium,No,Small
187.2,3400,365.33,265.51,107.45,68389.78,Clay,Yes,221.58,12.51,Medium,No,Small
208,1838,528.48,710.5,287.53,109923.84,Peaty,No,297.62,11.8,High,No,Large
520,2786,802.67,711.93,288.11,417388.4,Loamy,No,476.27,6.84,Medium,No,Small
176.8,2389,1768.03,1828.75,740.07,312587.7,Loamy,No,391.22,14.3,High,Yes,Medium
156,1787,549.25,759.5,307.36,85683,Peaty,Yes,332.9,12.96,Low,Yes,Medium
520,4046,3288.14,2008.2,812.69,1709832.8,Loamy,No,424.41,14.65,Medium,No,Small
197.6,2747,2347.04,2111.27,854.4,463775.1,Loamy,No,299.72,13.37,High,Yes,Medium
416,2000,1167.14,1442.03,583.57,485530.24,Loamy,Yes,451.2,11.89,High,Yes,Medium
260,3635,2298.63,1562.59,632.36,597643.8,Loamy,No,444.02,9.73,High,Yes,Large
166.4,1459,494.62,837.71,339.01,82304.77,Silty,Yes,293.37,11,High,No,Large
197.6,3407,844.32,612.38,247.82,166837.63,Clay,Yes,506.03,4.43,Medium,No,Large
520,2322,815.67,868.03,351.28,424148.4,Clay,Yes,258.68,6.98,High,No,Small
187.2,5492,2104.53,946.91,383.2,393968.02,Sandy,Yes,317.36,12.11,High,No,Small
312,3747,965.26,636.57,257.61,301161.12,Loamy,Yes,366.76,17.3,Low,Yes,Medium
208,3330,2570.29,1907.3,771.86,534620.32,Peaty,Yes,512.81,15.72,Medium,No,Small
312,2652,2590.1,2413.38,976.66,808111.2,Peaty,No,354.45,11.69,Medium,No,Small
176.8,2607,1749.27,1658.05,670.99,309270.94,Silty,Yes,455.79,8.75,Medium,Yes,Small
176.8,2086,1056.16,1251.12,506.31,186729.09,Silty,No,563.64,10.88,Medium,No,Medium
312,3234,1348.87,1030.65,417.09,420847.44,Sandy,Yes,301.28,11.83,High,No,Medium
260,4638,3333.15,1775.84,718.66,866619,Loamy,No,402.39,11.45,Medium,No,Small
312,3724,495.93,329.07,133.17,154730.16,Silty,No,532.81,13.99,Medium,No,Medium
187.2,5829,4621.41,1959.12,792.83,865127.95,Sandy,No,503.68,13.53,Medium,Yes,Medium
166.4,2128,1512.03,1755.78,710.54,251601.79,Sandy,No,460.7,10.87,Medium,Yes,Medium
187.2,4007,3715.33,2291.18,927.21,695509.78,Peaty,No,249.22,14.99,High,No,Small
156,1301,361.03,685.72,277.5,56320.68,Silty,No,66.34,17.19,Low,Yes,Large
166.4,1889,1089.05,1424.61,576.52,181217.92,Clay,No,385.83,11.23,High,No,Small
520,2537,998.72,972.75,393.66,519334.4,Clay,Yes,438.51,4.95,High,Yes,Large
260,4620,4202.68,2247.84,909.67,1092696.8,Sandy,Yes,392.54,16.24,High,Yes,Small
312,2686,592.69,545.26,220.66,184919.28,Loamy,No,420.94,11.62,Medium,Yes,Large
208,3409,1536.1,1113.46,450.6,319508.8,Clay,No,521.66,16.21,Low,Yes,Medium
166.4,1710,1173.66,1696.01,686.35,195297.02,Clay,No,325.22,15.55,Medium,Yes,Large
197.6,4275,232.56,134.43,54.4,45953.86,Peaty,Yes,399.25,13.27,Medium,No,Small
166.4,1865,1111.91,1473.24,596.2,185021.82,Clay,No,471.89,10.29,Medium,No,Large
208,1670,1270.79,1880.35,760.95,264324.32,Sandy,Yes,154.4,6.48,Medium,Yes,Medium
197.6,3409,3199.93,2319.5,938.67,632306.17,Clay,No,520.75,7.2,Low,Yes,Large
197.6,3713,3433.93,2285.33,924.84,678544.57,Sandy,Yes,406.93,11.76,High,Yes,Medium
197.6,4062,3625.34,2205.41,892.5,716367.18,Sandy,No,348.16,15.87,Low,No,Small
520,3274,806.94,609.04,246.47,419608.8,Sandy,No,428.56,14.79,Medium,No,Medium
520,2794,869.07,768.62,311.05,451916.4,Sandy,No,198.57,12.88,Low,Yes,Medium
197.6,3947,1719.63,1076.59,435.68,339798.89,Loamy,No,344.84,10.51,High,No,Small
416,1337,759.43,1403.58,568.01,315922.88,Silty,No,258.09,14.2,Medium,Yes,Small
520,4178,1395.66,825.45,334.05,725743.2,Sandy,No,443.83,14.32,Medium,Yes,Medium
416,2046,1024.58,1237.43,500.77,426225.28,Loamy,No,514.85,11.14,Medium,Yes,Small
208,2163,1925.24,2199.43,890.08,400449.92,Peaty,No,268.66,12.25,Low,No,Small
187.2,4771,2866.56,1484.68,600.83,536620.03,Silty,Yes,470.72,11.86,Medium,Yes,Medium
156,2121,140.39,163.56,66.19,21900.84,Sandy,Yes,309.62,12.92,High,No,Medium
416,1873,1138.24,1501.68,607.71,473507.84,Silty,No,326.28,13.91,High,No,Medium
176.8,1433,1005.71,1734.23,701.82,177809.53,Loamy,Yes,263.76,11.21,Low,Yes,Small
166.4,1578,1086.86,1701.96,688.76,180853.5,Peaty,No,406.21,13.08,Medium,No,Small
260,4490,4239.68,2333.29,944.25,1102316.8,Sandy,No,391.08,14.76,Low,No,Medium
312,2934,1298.79,1093.86,442.67,405222.48,Sandy,Yes,360.14,12.58,Medium,Yes,Medium
312,2725,1878.32,1703.27,689.29,586035.84,Loamy,Yes,345.09,6.21,High,Yes,Large
312,2906,2487.25,2114.97,855.9,776022,Peaty,No,649.75,12.75,High,No,Large
520,2253,780.69,856.24,346.51,405958.8,Peaty,No,285.89,15.17,Low,Yes,Large
176.8,2581,626.92,600.22,242.9,110839.46,Sandy,Yes,351.58,9.45,High,No,Medium
156,1930,145.46,186.24,75.37,22691.76,Silty,No,435.06,17.29,Low,No,Medium
260,4113,2545.21,1529.14,618.82,661754.6,Sandy,Yes,521.93,12.25,Low,Yes,Medium
208,2142,2034.39,2346.9,949.76,423153.12,Silty,No,211.47,10.37,High,Yes,Medium
416,1511,120.61,197.24,79.82,50173.76,Clay,Yes,280.99,15.69,Low,No,Medium
176.8,2026,1420.29,1732.28,701.03,251107.27,Peaty,No,423.77,10.95,Medium,Yes,Large
187.2,5996,5840.58,2407,974.08,1093356.58,Peaty,No,495.74,10.99,High,No,Medium
416,1464,93.2,157.31,63.66,38771.2,Peaty,No,424.53,12.47,Medium,Yes,Small
208,3335,1490.64,1104.49,446.97,310053.12,Silty,No,510.3,10.95,Medium,No,Medium
187.2,3538,274.19,191.51,77.5,51328.37,Peaty,Yes,576.38,6.72,Medium,Yes,Small
312,2360,792.89,830.2,335.97,247381.68,Peaty,Yes,293.74,12.69,Low,No,Large
208,3235,2080.11,1588.89,643,432662.88,Clay,No,416.74,9.66,High,Yes,Large
260,3295,1452.24,1089.09,440.74,377582.4,Peaty,No,455.51,8.38,Low,Yes,Large
416,1187,452.45,941.89,381.17,188219.2,Clay,Yes,279.76,10.6,Medium,No,Small
156,2099,1113.46,1310.82,530.47,173699.76,Peaty,No,441.89,12.91,Medium,No,Small
312,1981,398.7,497.32,201.26,124394.4,Clay,Yes,275.67,6.84,Medium,No,Medium
156,1605,265.96,409.48,165.71,41489.76,Silty,No,253.57,16.92,High,Yes,Small
312,2097,1759.32,2073.14,838.97,548907.84,Clay,Yes,283.93,11.15,Medium,No,Medium
166.4,1223,312.56,631.53,255.57,52009.98,Clay,No,276.1,10.2,Low,No,Small
176.8,2258,406.35,444.69,179.96,71842.68,Peaty,Yes,522.34,10.83,Low,Yes,Medium
156,1894,1737.08,2266.32,917.15,270984.48,Clay,No,534.27,16.71,Medium,Yes,Medium
187.2,3941,2351.95,1474.7,596.79,440285.04,Clay,No,264.68,12.73,Medium,Yes,Small
520,2644,764.62,714.6,289.19,397602.4,Silty,Yes,546.67,6.18,Medium,Yes,Large
312,3478,2211.38,1571.14,635.82,689950.56,Peaty,Yes,420.06,15.8,High,No,Small
166.4,1717,260.86,375.43,151.93,43407.1,Peaty,Yes,379.81,10.75,Low,No,Medium
156,1842,926.19,1242.49,502.82,144485.64,Peaty,Yes,443.53,16.57,High,No,Large
520,3108,1141.91,907.89,367.41,593793.2,Clay,No,323.82,11.29,Low,Yes,Small
197.6,3049,2445.76,1982.15,802.15,483282.18,Loamy,Yes,261.16,14.35,Medium,No,Medium
520,2394,871.1,899.14,363.87,452972,Sandy,No,485.98,7.51,Low,Yes,Large
166.4,1542,540.21,865.68,350.33,89890.94,Loamy,Yes,344.34,12.35,Low,Yes,Medium
208,2927,2532.65,2138.13,865.27,526791.2,Loamy,Yes,515.11,12.43,Medium,Yes,Small
208,1917,1114.95,1437.19,581.61,231909.6,Loamy,Yes,291.56,12.58,Medium,Yes,Small
520,3367,287.07,210.68,85.26,149276.4,Silty,Yes,378.58,12.09,High,No,Medium
176.8,2870,2400.35,2066.69,836.36,424381.88,Sandy,No,463.29,13.44,High,No,Small
197.6,3648,440.42,298.33,120.73,87026.99,Clay,No,546.72,15.94,Medium,Yes,Medium
156,1456,714.56,1212.72,490.77,111471.36,Silty,Yes,222.6,9.17,High,No,Large
520,3928,2831.42,1781.21,720.83,1472338.4,Loamy,No,448.73,10.51,High,Yes,Small
197.6,3917,595.46,375.65,152.02,117662.9,Peaty,No,463.93,11.03,Low,Yes,Large
260,3555,1704.41,1184.72,479.44,443146.6,Silty,No,464.53,5.59,High,Yes,Medium
416,1603,1411.65,2176.08,880.63,587246.4,Silty,No,485.27,3.27,Medium,No,Small
176.8,2762,1034.59,925.61,374.58,182915.51,Loamy,No,352.91,9.51,Low,Yes,Medium
166.4,1711,1619.31,2338.63,946.41,269453.18,Peaty,No,329.9,10.32,Medium,No,Small
260,3745,479.96,316.69,128.16,124789.6,Loamy,Yes,475.41,17.25,Medium,Yes,Large
416,1915,688.52,888.44,359.54,286424.32,Clay,No,341.93,13.01,Medium,Yes,Medium
176.8,2229,1223.41,1356.26,548.86,216298.89,Loamy,No,364.68,8.48,High,Yes,Large
208,2684,649.07,597.57,241.83,135006.56,Sandy,Yes,484.06,14.25,Medium,No,Large
416,1534,1527.28,2460.23,995.62,635348.48,Sandy,No,500.27,11.32,Medium,Yes,Medium
156,2274,1466.68,1593.78,644.98,228802.08,Peaty,Yes,587.53,10.43,High,No,Large
156,2109,932.9,1093.04,442.34,145532.4,Clay,Yes,459.7,9.45,Medium,No,Medium
166.4,2052,1680.79,2024.04,819.1,279683.46,Peaty,Yes,399.99,15.47,Low,No,Small
208,2713,1634.26,1488.51,602.38,339926.08,Sandy,Yes,433.97,15.03,High,No,Small
187.2,5436,1162.6,528.48,213.87,217638.72,Clay,Yes,411.25,10.83,High,Yes,Small
260,2578,1266.44,1213.9,491.25,329274.4,Clay,Yes,264.82,12.78,Low,No,Large
416,1817,323.99,440.61,178.31,134779.84,Peaty,No,318.15,15.64,Medium,Yes,Large
176.8,2516,2383.81,2341.22,947.46,421457.61,Silty,Yes,358.74,10.49,Low,Yes,Large
312,2472,787.78,787.47,318.68,245787.36,Clay,Yes,441.86,7.43,Low,Yes,Medium
187.2,5076,4216.58,2052.68,830.69,789343.78,Clay,Yes,360.24,12.44,Low,No,Medium
187.2,5969,3162.85,1309.36,529.88,592085.52,Peaty,Yes,347.94,14.73,High,No,Medium
187.2,3479,1953.25,1387.35,561.44,365648.4,Peaty,Yes,295.92,11.22,Medium,No,Small
156,1880,1594.09,2095.25,847.92,248678.04,Sandy,Yes,460.95,9.57,High,Yes,Small
197.6,3479,475.86,337.99,136.78,94029.94,Peaty,Yes,409.67,14.68,High,Yes,Large
520,2510,1267.27,1247.61,504.89,658980.4,Sandy,Yes,278.77,13.32,Medium,No,Small
520,3630,854.07,581.39,235.28,444116.4,Peaty,No,306.53,11.51,Medium,Yes,Large
176.8,2832,1825.68,1592.99,644.66,322780.22,Sandy,Yes,489.37,15.24,Low,Yes,Medium
260,3736,1192.72,788.88,319.25,310107.2,Silty,No,458.67,10.86,Medium,Yes,Small
260,4649,1539.52,818.29,331.15,400275.2,Silty,Yes,352.84,14.7,Medium,Yes,Medium
176.8,2506,2030.16,2001.85,810.12,358932.29,Silty,Yes,366.5,12.31,Medium,No,Small
197.6,3120,2513.35,1990.58,805.56,496637.96,Sandy,Yes,621.41,13.68,Low,Yes,Small
197.6,4266,3852.45,2231.51,903.06,761244.12,Clay,No,450.1,11.37,Medium,Yes,Small
166.4,1870,310.74,410.61,166.17,51707.14,Sandy,Yes,441.44,9.1,Medium,No,Large
416,1643,1234.7,1856.97,751.49,513635.2,Silty,No,321.35,15.15,Medium,Yes,Large
260,4500,2371.68,1302.34,527.04,616636.8,Clay,No,436.54,8.43,Low,Yes,Medium
208,3247,366.65,279.03,112.92,76263.2,Sandy,Yes,521.4,14.56,Medium,No,Large
176.8,2929,2661.11,2245.05,908.54,470484.25,Silty,Yes,421.34,9.42,Low,No,Small
260,4489,3310.91,1822.55,737.56,860836.6,Loamy,No,470.56,15.82,Medium,No,Small
166.4,1818,1475.09,2004.96,811.38,245454.98,Peaty,No,403.95,8.3,Low,No,Small
416,2110,1863.95,2182.9,883.39,775403.2,Loamy,Yes,493.29,14.33,Low,No,Small
208,3439,3287,2361.83,955.8,683696,Clay,Yes,319,15.49,High,No,Medium
187.2,4940,4317.26,2159.55,873.94,808191.07,Clay,No,365.69,11.05,Medium,Yes,Small
208,2354,1514.54,1589.85,643.39,315024.32,Loamy,No,677.59,10.25,High,Yes,Medium
176.8,2201,127.42,143.05,57.89,22527.86,Sandy,No,378.36,5.09,Medium,No,Small
176.8,2998,1391.79,1147.16,464.24,246068.47,Sandy,No,504,18.2,Medium,Yes,Large
260,2401,1140.23,1173.5,474.9,296459.8,Clay,No,200.34,10.46,Low,No,Medium
208,2226,1857.13,2061.57,834.29,386283.04,Sandy,No,337.93,7,High,No,Small
260,3511,3132.06,2204.35,892.07,814335.6,Loamy,No,424.55,11.63,Medium,No,Small
416,1465,575.79,971.2,393.03,239528.64,Clay,No,409.83,9.25,Medium,No,Small
166.4,1080,515.69,1179.9,477.49,85810.82,Peaty,No,264.47,10.8,Medium,No,Small
520,2835,1771.39,1543.99,624.83,921122.8,Clay,Yes,307.5,9.63,High,No,Large
520,2947,1955.22,1639.44,663.46,1016714.4,Sandy,Yes,474.66,6.18,Low,Yes,Medium
176.8,2459,499.67,502.12,203.2,88341.66,Sandy,Yes,316.39,8.95,Low,No,Large
166.4,1824,1152.07,1560.76,631.62,191704.45,Sandy,Yes,593.19,13.12,Low,Yes,Medium
156,1745,283.27,401.13,162.33,44190.12,Clay,No,359.16,10.76,Medium,Yes,Medium
156,1142,1121.75,2427.24,982.27,174993,Peaty,No,258.56,7.95,Medium,No,Large
208,3337,2886.91,2137.75,865.12,600477.28,Loamy,Yes,525.54,14.51,High,Yes,Large
260,3344,2399.29,1772.95,717.49,623815.4,Silty,No,379.44,15.31,Medium,Yes,Large
166.4,2123,1500.6,1746.61,706.83,249699.84,Silty,No,526.79,11.62,Low,No,Large
260,4559,1977.01,1071.57,433.65,514022.6,Sandy,Yes,569.47,11.34,High,No,Medium
187.2,5989,3255.26,1343.11,543.54,609384.67,Sandy,No,403.6,8.84,Low,No,Large
156,2016,1053.82,1291.69,522.73,164395.92,Clay,Yes,342.09,11.58,Medium,No,Medium
187.2,5100,415.39,201.27,81.45,77761.01,Loamy,No,371.76,13.37,Low,No,Large
260,2355,247.72,259.93,105.19,64407.2,Sandy,No,234.31,10.06,Medium,Yes,Medium
197.6,4054,3023.03,1842.64,745.69,597350.73,Peaty,No,536.86,12.67,High,Yes,Medium
197.6,4235,3603.6,2102.64,850.91,712071.36,Loamy,Yes,400.75,10.1,High,Yes,Large
176.8,2880,180.52,154.89,62.68,31915.94,Loamy,Yes,381.3,12.18,Medium,No,Large
197.6,2598,766.38,728.94,294.99,151436.69,Clay,Yes,573.26,6.45,Low,No,Medium
520,2800,1402.13,1237.4,500.76,729107.6,Clay,Yes,520.48,15.5,High,No,Large
197.6,4014,1758.45,1082.52,438.08,347469.72,Silty,Yes,541.04,10.43,High,No,Large
416,1479,832.46,1390.83,562.85,346303.36,Loamy,No,353.86,7.88,Low,Yes,Small
166.4,1937,916.74,1169.5,473.28,152545.54,Sandy,No,459.78,9.35,High,Yes,Medium
156,2379,869.14,902.77,365.34,135585.84,Silty,No,339.77,8.78,Low,Yes,Large
260,4424,3505.09,1957.79,792.29,911323.4,Loamy,No,432.23,12.64,Low,Yes,Large
176.8,2745,1149.63,1034.9,418.81,203254.58,Clay,No,493.2,14.58,Low,Yes,Large
520,2804,2159.61,1903.18,770.19,1122997.2,Clay,No,398.92,9.03,Medium,Yes,Medium
187.2,5063,1610.84,786.19,318.16,301549.25,Clay,Yes,330.6,14.56,Low,Yes,Medium
197.6,3575,1311.67,906.63,366.9,259185.99,Sandy,Yes,507.66,11.13,Medium,No,Small
260,3506,2310.45,1628.42,659,600717,Peaty,Yes,343.16,7.42,Medium,Yes,Large
416,1144,521.09,1125.56,455.5,216773.44,Loamy,No,249.7,15.73,High,Yes,Medium
312,2206,1753.97,1964.71,795.09,547238.64,Clay,Yes,276.08,14.77,Medium,Yes,Medium
197.6,3399,440.75,320.42,129.67,87092.2,Silty,Yes,314.93,7.59,Medium,Yes,Medium
166.4,1686,1286.15,1885.02,762.84,214015.36,Silty,No,483.13,15.89,High,No,Large
166.4,1839,485.44,652.28,263.97,80777.22,Silty,No,417.71,12.64,High,Yes,Small
520,3043,2768,2247.74,909.63,1439360,Clay,Yes,307.63,4.9,Low,Yes,Medium
166.4,1677,598.99,882.61,357.18,99671.94,Silty,Yes,616.19,17.9,Low,No,Small
520,3573,274.84,190.07,76.92,142916.8,Peaty,No,477.92,13,High,No,Small
312,3170,1465.87,1142.66,462.42,457351.44,Peaty,No,599.36,8.49,Medium,No,Small
197.6,4219,1114.03,652.48,264.05,220132.33,Clay,Yes,492.92,10.57,Low,No,Small
197.6,3551,3059.22,2128.83,861.51,604501.87,Sandy,No,340.14,10.95,Medium,No,Small
187.2,5665,1756.66,766.25,310.09,328846.75,Sandy,No,472.94,21.3,Medium,Yes,Medium
197.6,3146,2420.19,1900.95,769.29,478229.54,Silty,No,229.55,10.69,Low,Yes,Medium
260,4216,262.83,154.05,62.34,68335.8,Sandy,Yes,443.34,11.07,Low,No,Small
260,3144,1372.89,1079.03,436.67,356951.4,Clay,Yes,452.59,7.05,Low,Yes,Medium
208,3391,704.21,513.16,207.67,146475.68,Silty,Yes,301.13,18.47,Medium,No,Small
260,3655,818.28,553.22,223.88,212752.8,Silty,Yes,520.68,7.58,Medium,Yes,Small
208,2731,2599.69,2352.24,951.92,540735.52,Sandy,No,489.93,13.01,Medium,Yes,Small
416,1630,805.12,1220.55,493.94,334929.92,Silty,No,364.29,10.35,Low,No,Large
260,2464,938.96,941.64,381.07,244129.6,Clay,Yes,279.38,6.83,Medium,Yes,Large
156,2285,1168.05,1263.15,511.18,182215.8,Peaty,Yes,318.62,12.41,High,Yes,Medium
520,3709,2198.29,1464.57,592.69,1143110.8,Loamy,No,382.71,21.26,Low,No,Large
197.6,3949,1757.86,1099.96,445.14,347353.14,Loamy,Yes,389.13,13.52,Medium,Yes,Large
166.4,1803,1607.25,2202.77,891.43,267446.4,Sandy,Yes,469.66,19.52,Low,Yes,Large
520,3506,2012.37,1418.33,573.98,1046432.4,Loamy,Yes,354.85,9.05,High,Yes,Medium
312,2447,631.89,638.1,258.23,197149.68,Loamy,No,154.45,11.14,High,Yes,Small
520,3254,1249.21,948.64,383.9,649589.2,Peaty,No,456.54,6.31,Low,Yes,Small
197.6,3795,3304.69,2151.79,870.8,653006.74,Loamy,Yes,350.6,12.12,Medium,Yes,Large
176.8,2143,220.94,254.77,103.1,39062.19,Silty,Yes,368.7,10.6,Medium,Yes,Small
156,1760,938.56,1317.74,533.27,146415.36,Silty,No,477.16,10.91,High,Yes,Small
260,3139,190.54,149.99,60.7,49540.4,Peaty,No,241.21,9.02,Medium,Yes,Small
416,2140,2058.47,2376.9,961.9,856323.52,Sandy,Yes,300.91,13.4,Medium,No,Small
156,2102,1028.82,1209.46,489.45,160495.92,Sandy,No,506.25,12.39,High,Yes,Large
260,3551,1634.13,1137.15,460.19,424873.8,Sandy,No,351.05,10.92,High,Yes,Large
176.8,2291,2214.5,2388.54,966.61,391523.6,Clay,Yes,396.31,11.69,Medium,Yes,Medium
176.8,2670,2054.99,1901.87,769.66,363322.23,Loamy,No,429.42,10.87,Medium,No,Large
156,1653,1556.96,2327.48,941.9,242885.76,Sandy,No,253.91,13.86,Low,No,Small
187.2,4650,1788.72,950.54,384.67,334848.38,Peaty,Yes,467.02,10.74,High,No,Small
208,2811,1250.53,1099.3,444.87,260110.24,Sandy,Yes,365.22,15.6,Medium,Yes,Medium
156,1865,885.82,1173.67,474.97,138187.92,Peaty,Yes,423.39,17.25,Low,Yes,Medium
208,2407,1859.38,1908.86,772.49,386751.04,Peaty,Yes,514.95,9.14,Medium,No,Large
156,1608,1214.8,1866.8,755.47,189508.8,Peaty,No,362.88,12.71,Medium,No,Small
187.2,5226,1023.98,484.18,195.94,191689.06,Clay,Yes,564.3,11.07,High,No,Large
416,1955,1467.77,1855.21,750.78,610592.32,Silty,Yes,404.67,8.58,Medium,No,Large
166.4,1970,1947.46,2442.78,988.56,324057.34,Silty,Yes,306.49,14.78,Medium,Yes,Small
520,4108,3474.63,2090.06,845.82,1806807.6,Sandy,Yes,381.92,10.18,High,No,Large
312,3359,719.97,529.64,214.34,224630.64,Clay,Yes,333.44,16.34,Low,No,Medium
166.4,1537,665.81,1070.43,433.19,110790.78,Clay,Yes,412.55,15.53,Medium,Yes,Small
260,4351,2380.04,1351.69,547.01,618810.4,Sandy,No,406.38,9.77,Medium,Yes,Medium
197.6,2812,2145.27,1885.16,762.9,423905.35,Clay,No,425.13,5.56,Low,Yes,Small
312,3713,1496.41,995.88,403.02,466879.92,Peaty,Yes,346.47,14.29,High,Yes,Medium
166.4,1931,1198.84,1534.13,620.84,199486.98,Sandy,No,464.21,16.51,Medium,Yes,Small
312,2619,1160.9,1095.32,443.26,362200.8,Loamy,Yes,355.72,12.48,Low,No,Large
197.6,2504,827.82,816.93,330.6,163577.23,Silty,Yes,212.05,12.22,Medium,No,Small
312,2750,663.05,595.79,241.11,206871.6,Sandy,No,417.35,16.72,Low,No,Medium
166.4,1347,907.58,1664.94,673.78,151021.31,Peaty,No,265.25,12.01,Low,No,Small
260,2947,213.3,178.85,72.38,55458,Loamy,No,465.2,6.35,Low,No,Large
520,2913,857.65,727.53,294.42,445978,Clay,No,451.54,8.35,Medium,Yes,Large
416,1987,330.1,410.52,166.13,137321.6,Loamy,Yes,423.6,14.55,High,Yes,Medium
176.8,2474,1910.72,1908.44,772.32,337815.3,Sandy,No,461.48,11.31,Medium,Yes,Medium
187.2,3687,1120.33,750.85,303.86,209725.78,Silty,No,259.26,10.62,Medium,No,Medium
156,1447,748.43,1278.1,517.23,116755.08,Peaty,Yes,267.53,16.08,Medium,Yes,Medium
197.6,4413,3570.21,1999.13,809.02,705473.5,Clay,Yes,454.34,13.68,Low,Yes,Small
208,2763,2582.99,2310.06,934.85,537261.92,Peaty,No,408.77,11.04,High,No,Large
187.2,4725,3216.87,1682.34,680.82,602198.06,Clay,No,541.54,12.56,Low,No,Large
312,3492,1965.37,1390.76,562.82,613195.44,Silty,Yes,479.32,13.77,High,No,Large
260,3104,2733.79,2176.33,880.73,710785.4,Peaty,No,347.93,6.9,High,Yes,Large
260,3212,744.8,572.99,231.88,193648,Sandy,Yes,290.01,11.43,Medium,No,Small
197.6,4188,2606.65,1538.01,622.41,515074.04,Silty,Yes,506.58,13.34,Low,Yes,Small
260,4463,1948.95,1079.08,436.69,506727,Sandy,Yes,413.06,11.9,High,No,Small
156,1924,447.58,574.84,232.63,69822.48,Loamy,Yes,518.67,10.86,Medium,Yes,Small
166.4,1928,848.38,1087.34,440.03,141170.43,Sandy,No,346.82,10.38,Medium,Yes,Small
156,2266,426.05,464.61,188.02,66463.8,Peaty,Yes,438.9,11.11,Medium,No,Medium
187.2,5558,439.14,195.24,79.01,82207.01,Clay,Yes,468.5,9.71,Medium,No,Small
166.4,1525,816.73,1323.4,535.56,135903.87,Sandy,No,416.46,15.55,Low,No,Medium
260,4158,2058.67,1223.44,495.11,535254.2,Loamy,Yes,437.25,9.07,Low,No,Large
260,4545,4185.76,2275.74,920.96,1088297.6,Loamy,No,319.8,13.87,Medium,No,Medium
176.8,1655,1239.69,1850.96,749.06,219177.19,Sandy,No,320.16,7.11,Low,No,Small
260,2492,736.21,730.02,295.43,191414.6,Clay,Yes,172.73,11.02,High,No,Large
197.6,3843,1536.16,987.75,399.73,303545.22,Clay,No,463.48,8.79,High,Yes,Medium
312,2751,1329.53,1194.23,483.29,414813.36,Loamy,No,440.39,13.02,High,Yes,Medium
176.8,2260,1923.42,2103.04,851.07,340060.66,Clay,Yes,352.91,12.44,Low,Yes,Large
166.4,1496,1395.06,2304.33,932.53,232137.98,Loamy,Yes,623.29,12.79,Low,No,Large
416,1838,1483.3,1994.19,807.02,617052.8,Loamy,No,617.24,10.93,Low,Yes,Small
520,3292,1124.38,843.99,341.55,584677.6,Loamy,No,376.02,15,Low,Yes,Small
260,3256,880,667.85,270.27,228800,Clay,Yes,528.4,7.02,High,No,Medium
208,3554,3533.32,2456.67,994.18,734930.56,Silty,Yes,334.2,10.8,Medium,No,Large
197.6,4228,1837.4,1073.87,434.58,363070.24,Sandy,No,303.73,10.5,High,No,Medium
416,1269,646.67,1259.22,509.59,269014.72,Silty,Yes,267.22,9.09,Medium,No,Large
260,4461,3107.76,1721.46,696.65,808017.6,Peaty,Yes,427.92,18.17,Medium,No,Medium
197.6,3472,1638.26,1165.96,471.85,323720.18,Clay,No,498.95,16.04,Low,Yes,Small
312,2342,449.57,474.34,191.96,140265.84,Loamy,Yes,250.36,14.54,Low,Yes,Large
312,2818,913.14,800.72,324.04,284899.68,Sandy,No,340.64,12.19,High,Yes,Medium
187.2,4009,3367,2075.34,839.86,630302.4,Silty,Yes,379.1,11.59,Medium,No,Medium
416,1848,887.37,1186.55,480.18,369145.92,Peaty,Yes,357.29,16.71,Medium,No,Small
156,1660,423.75,630.78,255.27,66105,Clay,No,385.17,12.2,Medium,Yes,Large
208,3258,3226.33,2447.03,990.28,671076.64,Loamy,Yes,312.84,13.3,Medium,Yes,Large
197.6,4542,507.84,276.29,111.81,100349.18,Silty,Yes,459.7,19.1,High,Yes,Medium
156,1219,156.96,318.17,128.76,24485.76,Peaty,No,265.21,15.69,Low,No,Small
187.2,4815,3907.57,2005.36,811.54,731497.1,Clay,Yes,317.57,11.15,High,No,Large
208,3416,1669.02,1207.33,488.59,347156.16,Sandy,No,526.89,11.7,Medium,No,Small
520,2523,1607.43,1574.33,637.11,835863.6,Clay,Yes,205.91,10.56,High,No,Large
176.8,2331,928.51,984.29,398.33,164160.57,Loamy,No,409.9,11.09,Medium,No,Small
187.2,4110,3561.19,2141.09,866.47,666654.77,Sandy,No,280.65,10.75,Medium,No,Large
187.2,4990,914.62,452.92,183.29,171216.86,Clay,Yes,376.38,10.73,Medium,Yes,Small
156,1629,1508.67,2288.51,926.13,235352.52,Silty,Yes,214.5,9.5,Medium,Yes,Large
520,3663,287.4,193.88,78.46,149448,Loamy,Yes,444.82,9.95,Medium,No,Medium
176.8,2219,1643.52,1830.21,740.66,290574.34,Sandy,Yes,400.03,6.98,Low,No,Small
520,3699,3445.99,2302.03,931.6,1791914.8,Sandy,No,510.54,8.82,Medium,Yes,Small
416,1494,412.88,682.9,276.36,171758.08,Sandy,Yes,410.66,14.9,Low,No,Medium
208,2960,582.32,486.13,196.73,121122.56,Sandy,No,321.24,13.95,Medium,Yes,Medium
187.2,5400,1535,702.42,284.26,287352,Clay,Yes,433.9,10.87,Medium,Yes,Small
260,4738,1036.63,540.64,218.79,269523.8,Loamy,Yes,490.89,13.9,Medium,No,Medium
416,1588,1310.94,2039.93,825.53,545351.04,Sandy,No,384.26,14.26,Low,No,Large
156,2337,1271.89,1344.84,544.24,198414.84,Peaty,No,384.18,16.05,Medium,No,Small
312,2807,2248.1,1979.04,800.89,701407.2,Silty,No,508.51,21.48,Medium,Yes,Small
166.4,1600,1272.53,1965.3,795.33,211748.99,Loamy,Yes,372.76,6.17,High,No,Medium
312,2387,1814.93,1878.84,760.34,566258.16,Loamy,No,453.82,7.75,Medium,No,Medium
416,1639,901.35,1358.93,549.94,374961.6,Silty,No,427.65,8.48,Medium,No,Small
416,2031,1090.18,1326.39,536.77,453514.88,Peaty,Yes,325.22,10.48,Medium,No,Medium
187.2,4914,3872.58,1947.36,788.07,724946.98,Peaty,No,333.6,9.88,Medium,Yes,Small
176.8,1352,622.35,1137.47,460.32,110031.48,Clay,Yes,252.66,7.22,Medium,No,Small
520,3038,3029.13,2463.83,997.08,1575147.6,Loamy,No,461.91,13.72,Medium,Yes,Medium
187.2,4666,1561.57,826.99,334.67,292325.9,Loamy,Yes,415.83,13.13,Low,No,Medium
197.6,3961,452.58,282.34,114.26,89429.81,Sandy,No,312.68,13.17,High,No,Medium
176.8,2173,1888.36,2147.37,869.01,333862.05,Silty,No,380.61,11.39,High,No,Large
520,3088,2139.71,1712.22,692.91,1112649.2,Sandy,No,536.69,11.18,Low,No,Medium
187.2,5334,4557,2111.09,854.33,853070.4,Loamy,Yes,490.33,11.96,High,No,Medium
166.4,1561,905.97,1434.15,580.38,150753.41,Peaty,No,408.28,3.03,Low,Yes,Large
156,2300,1733.21,1862.11,753.57,270380.76,Loamy,No,318.21,9.32,Medium,Yes,Medium
416,1507,1334.61,2188.39,885.61,555197.76,Clay,Yes,354.59,10.95,Medium,No,Large
156,1636,411.31,621.25,251.41,64164.36,Silty,Yes,386.37,8.72,Medium,Yes,Small
176.8,2070,932.39,1113.04,450.43,164846.55,Loamy,Yes,452.67,7.53,High,No,Small
208,2404,1569.5,1613.27,652.87,326456,Sandy,No,375.59,10.15,Medium,Yes,Large
520,3496,1707.1,1206.61,488.3,887692,Clay,No,439.35,9.15,High,No,Medium
187.2,5992,968.07,399.22,161.56,181222.7,Loamy,Yes,410.73,17.95,Low,No,Large
520,3243,2430.89,1852.25,749.58,1264062.8,Silty,No,383.89,8.42,Low,Yes,Large
166.4,1697,886.36,1290.65,522.31,147490.3,Silty,Yes,647.98,10.77,Medium,Yes,Medium
312,2155,180.7,207.2,83.85,56378.4,Loamy,No,176.65,14.65,Low,No,Small
176.8,2519,1312.52,1287.54,521.05,232053.54,Silty,No,546.9,13.59,Medium,Yes,Small
176.8,2791,508.72,450.4,182.27,89941.7,Silty,No,337.32,12.15,Medium,No,Small
166.4,1628,128.91,195.66,79.18,21450.62,Silty,Yes,372.66,10.31,Medium,Yes,Large
156,1832,398.44,537.43,217.49,62156.64,Peaty,No,424.62,9.93,Low,Yes,Small
520,3020,1914.02,1566.1,633.78,995290.4,Loamy,Yes,447.21,12.66,Medium,Yes,Small
156,2215,1424.05,1588.66,642.91,222151.8,Sandy,No,423.71,9.93,Low,No,Large
156,2115,533.04,622.78,252.03,83154.24,Loamy,Yes,416.68,9.63,High,No,Small
208,3382,2323.43,1697.61,687,483273.44,Loamy,Yes,387.47,9.6,High,No,Small
520,3858,3667.38,2348.96,950.59,1907037.6,Peaty,Yes,453.74,12.42,Medium,Yes,Large
166.4,1819,268.07,364.16,147.37,44606.85,Silty,Yes,473.19,10.3,Medium,Yes,Small
208,2378,328.07,340.91,137.96,68238.56,Silty,No,288.7,16.54,High,No,Large
416,2049,1553.65,1873.67,758.25,646318.4,Peaty,Yes,464.27,15.25,Medium,Yes,Medium
520,3936,3259.4,2046.28,828.1,1694888,Loamy,No,473.84,10.85,Medium,No,Medium
156,1838,1735.66,2333.46,944.32,270762.96,Clay,No,489.8,10.96,Low,Yes,Medium
416,1492,961.04,1591.68,644.13,399792.64,Sandy,No,480.33,13.84,High,No,Small
197.6,3786,1147.12,748.7,302.99,226670.91,Silty,No,555.39,5.17,High,No,Small
166.4,2073,504.26,601.08,243.25,83908.86,Clay,No,300.78,14.63,Medium,No,Large
166.4,1665,1656.76,2458.82,995.05,275684.86,Sandy,No,474.76,10.67,Medium,No,Small
312,2894,2419.36,2065.77,835.99,754840.32,Sandy,Yes,386.02,4.85,High,Yes,Large
176.8,1493,82.62,136.75,55.34,14607.22,Peaty,Yes,230.76,11.94,Low,Yes,Medium
520,3190,2955.92,2289.72,926.62,1537078.4,Loamy,Yes,358.96,10.39,Low,No,Medium
260,4218,3541.56,2074.77,839.63,920805.6,Clay,No,400.56,9.72,Medium,Yes,Large
260,3998,1211.71,748.93,303.08,315044.6,Silty,Yes,379.81,13.28,Medium,Yes,Small
156,2067,1964.89,2348.98,950.6,306522.84,Sandy,No,354.85,10.14,Low,No,Medium
176.8,2309,214.14,229.17,92.74,37859.95,Silty,Yes,349.99,13.11,High,No,Small
312,2847,2361.44,2049.61,829.45,736769.28,Silty,Yes,519.09,13.62,High,No,Large
197.6,3822,1408.33,910.53,368.48,278286.01,Peaty,No,376.19,8.81,Medium,Yes,Medium
208,3417,329.3,238.14,96.37,68494.4,Peaty,Yes,407.5,11.46,Medium,No,Large
187.2,4376,3957.3,2234.62,904.32,740806.56,Clay,Yes,360.95,19.23,Medium,No,Small
187.2,5848,3967.11,1676.29,678.37,742642.99,Loamy,Yes,441.23,12.81,High,No,Small
312,2662,899.7,835.17,337.98,280706.4,Silty,Yes,380.05,7.93,Low,No,Large
197.6,4011,2069.8,1275.14,516.03,408992.48,Clay,Yes,393.96,11.78,High,No,Small
156,1973,820.51,1027.64,415.87,127999.56,Sandy,No,329.01,11.7,Low,No,Small
416,1668,128.27,190.02,76.9,53360.32,Peaty,No,365.36,6.66,High,No,Medium
520,3142,904.71,711.51,287.94,470449.2,Silty,No,432.24,10.07,Low,No,Large
156,1808,525.91,718.78,290.88,82041.96,Loamy,Yes,522.27,12.14,Medium,Yes,Large
156,2299,1866.31,2005.97,811.79,291144.36,Clay,Yes,378.03,11.92,Medium,Yes,Medium
187.2,5036,773.48,379.53,153.59,144795.46,Clay,Yes,447.54,15.79,Medium,No,Medium
187.2,3503,3241.92,2286.88,925.47,606887.42,Loamy,No,528.88,7.74,Medium,No,Large
176.8,2952,2700.25,2260.32,914.72,477404.2,Sandy,Yes,484.98,13.35,High,Yes,Small
156,2150,1065.76,1224.9,495.7,166258.56,Peaty,Yes,311.79,12.02,Medium,No,Large
260,4795,4255.23,2192.88,887.43,1106359.8,Silty,Yes,434.62,11.61,Low,Yes,Small
166.4,1869,1706.15,2255.75,912.87,283903.36,Sandy,Yes,504.64,11.3,Low,No,Medium
187.2,4617,476.52,255.04,103.21,89204.54,Silty,Yes,438.03,6.53,High,No,Medium
312,2636,920.7,863.09,349.28,287258.4,Clay,No,505.7,7.14,High,No,Medium
166.4,1483,1380.81,2300.77,931.09,229766.78,Peaty,Yes,457.31,11.5,Low,Yes,Small
208,3488,534.92,378.96,153.36,111263.36,Loamy,Yes,459.1,16.34,Medium,No,Small
260,4308,1996.63,1145.26,463.47,519123.8,Peaty,No,466.22,12.4,Medium,Yes,Large
312,2771,598.09,533.35,215.84,186604.08,Clay,No,581.07,12.26,Low,Yes,Small
260,4698,3451.76,1815.55,734.73,897457.6,Loamy,Yes,423.73,10.76,Medium,No,Large
208,2750,2001.23,1798.23,727.72,416255.84,Silty,No,334.99,12.44,Medium,Yes,Large
166.4,1856,713.93,950.51,384.66,118797.95,Silty,No,394.12,17.75,High,Yes,Large
197.6,3255,2172.35,1649.15,667.39,429256.36,Peaty,Yes,375.16,14.18,Medium,No,Medium
156,1651,512.21,766.62,310.24,79904.76,Peaty,Yes,414.91,18.12,Low,No,Medium
156,1777,1297.55,1804.34,730.19,202417.8,Clay,No,413.89,8.63,Low,Yes,Medium
520,3654,3458.18,2338.63,946.41,1798253.6,Loamy,Yes,397.13,12.18,High,Yes,Medium
197.6,4643,2627.61,1398.44,565.93,519215.74,Clay,No,393.73,15.28,Medium,Yes,Medium
187.2,4802,523.32,269.3,108.98,97965.5,Silty,No,377.45,14.52,Medium,No,Small
166.4,1740,153.33,217.75,88.12,25514.11,Loamy,No,408.88,14.06,Medium,No,Small
166.4,1408,1181.06,2072.77,838.82,196528.38,Clay,Yes,275.5,13.9,Medium,No,Medium
166.4,2158,1900.66,2176.38,880.75,316269.82,Peaty,Yes,326.99,10.67,High,Yes,Large
197.6,4131,3722.73,2226.84,901.17,735611.45,Peaty,Yes,490.51,12.8,Low,No,Large
197.6,2956,1005.54,840.58,340.17,198694.7,Peaty,Yes,343.62,7.96,High,Yes,Medium
260,3773,3449.2,2258.98,914.18,896792,Loamy,No,407.86,15.94,Medium,No,Medium
416,1784,333.64,462.14,187.02,138794.24,Loamy,No,436.03,17.94,High,No,Medium
520,3938,1341.99,842.08,340.78,697834.8,Silty,No,340.26,15.24,Medium,No,Small
260,2867,650.75,560.88,226.98,169195,Peaty,No,244.67,9.68,High,No,Large
166.4,1906,1326,1719.11,695.7,220646.4,Peaty,Yes,543.58,8.34,Medium,Yes,Large
187.2,4577,1853.32,1000.58,404.92,346941.5,Silty,No,382.24,13.68,Medium,No,Medium
197.6,3583,1571.47,1083.78,438.59,310522.47,Sandy,Yes,472,9.5,Low,No,Small
156,2153,1780.77,2043.83,827.11,277800.12,Loamy,Yes,513.89,12.04,Low,Yes,Small
176.8,2671,277.04,256.3,103.72,48980.67,Sandy,No,429.75,14.25,Medium,No,Large
312,2595,560.81,534.02,216.11,174972.72,Peaty,No,363.83,6.49,Medium,Yes,Large
156,2313,1941.39,2074.05,839.34,302856.84,Sandy,Yes,363.63,17.23,Medium,Yes,Large
208,3066,1916.5,1544.6,625.08,398632,Peaty,No,405.84,15.9,Low,Yes,Medium
520,2040,1897.85,2298.87,930.32,986882,Silty,No,277.04,7.35,Medium,No,Medium
197.6,2472,144.71,144.66,58.54,28594.7,Silty,No,227.22,11.9,Low,Yes,Large
520,1753,165.68,233.54,94.51,86153.6,Peaty,Yes,243.69,5.9,Medium,No,Large
312,2629,992.58,932.94,377.55,309684.96,Silty,No,228.29,12.93,Medium,Yes,Medium
197.6,3294,917.15,688.01,278.43,181228.84,Peaty,Yes,378.95,9.2,High,Yes,Large
176.8,2624,358.12,337.25,136.48,63315.62,Clay,Yes,310.6,10.44,Medium,No,Large
187.2,4706,3190.2,1675.12,677.9,597205.44,Peaty,No,458.69,9.43,High,No,Small
416,1689,1247.68,1825.39,738.71,519034.88,Clay,No,392.74,12.73,Low,No,Medium
208,3297,2177.08,1631.68,660.32,452832.64,Clay,No,516.85,17.06,High,No,Small
208,2170,1191.81,1357.15,549.22,247896.48,Clay,Yes,230.32,11.94,Medium,No,Large
520,1968,1880.05,2360.62,955.31,977626,Clay,No,237.47,12.88,High,No,Large
260,2282,2018.22,2185.42,884.41,524737.2,Peaty,No,234.57,7.7,Low,No,Large
156,1455,1354.94,2301.12,931.23,211370.64,Peaty,Yes,359.43,7.29,Medium,Yes,Large
156,1725,993.48,1423.15,575.93,154982.88,Silty,Yes,516.6,8.1,Medium,Yes,Small
197.6,4103,3078.52,1854.05,750.31,608315.55,Silty,Yes,312.67,13.28,Medium,No,Medium
312,2728,1145.49,1037.59,419.9,357392.88,Silty,No,527.93,12.84,High,No,Small
312,3313,2099.32,1565.81,633.66,654987.84,Clay,No,443.61,14.53,High,Yes,Large
416,2011,1855.45,2279.91,922.65,771867.2,Silty,No,460.58,10.64,Low,No,Small
312,3124,716.8,566.98,229.45,223641.6,Silty,No,343.8,8.29,High,Yes,Medium
416,1313,1119.82,2107.48,852.87,465845.12,Clay,No,600.44,11.86,Low,Yes,Medium
176.8,2132,1660.76,1924.87,778.97,293622.37,Peaty,No,347.47,16.72,High,No,Medium
260,4355,1252.15,710.48,287.52,325559,Loamy,No,399.98,9.6,Medium,No,Small
260,3638,3008.92,2043.76,827.08,782319.2,Loamy,No,337.4,10.55,Low,No,Medium
156,1849,1543.23,2062.41,834.63,240743.88,Peaty,Yes,574.5,9.1,Medium,No,Medium
312,2644,2633.79,2461.51,996.14,821742.48,Silty,Yes,405.28,13.43,Medium,Yes,Large
312,2233,1007.48,1114.89,451.18,314333.76,Peaty,Yes,288.09,8.5,Medium,Yes,Large
260,2314,1001.27,1069.22,432.7,260330.2,Clay,No,269.69,16.45,Medium,Yes,Small
176.8,2071,403.93,481.95,195.04,71414.82,Peaty,Yes,454.73,16.76,Low,No,Large
166.4,1702,1544.07,2241.76,907.21,256933.25,Loamy,Yes,635.83,15.09,High,No,Large
166.4,2024,659.62,805.32,325.9,109760.77,Loamy,Yes,445.09,13.18,Medium,No,Large
166.4,1938,1004.45,1280.72,518.29,167140.48,Clay,No,466.77,9.6,Low,No,Large
156,1715,658.9,949.38,384.2,102788.4,Sandy,No,338.3,11.56,High,Yes,Medium
166.4,1832,935.03,1261.2,510.39,155588.99,Sandy,No,453.53,10.35,Medium,Yes,Large
166.4,1734,1176.19,1676.14,678.31,195718.02,Loamy,No,473.11,11.21,Medium,Yes,Medium
176.8,2824,1683.27,1472.89,596.06,297602.14,Silty,Yes,425.37,10.19,Medium,No,Medium
312,3553,1896.2,1318.77,533.69,591614.4,Loamy,Yes,393.5,10.67,Medium,No,Medium
176.8,2639,2095.74,1962.36,794.14,370526.83,Peaty,Yes,476.88,16.59,Medium,Yes,Medium
520,3138,2346.19,1847.53,747.67,1220018.8,Loamy,Yes,445.97,14.86,Medium,Yes,Large
166.4,1685,1144.35,1678.19,679.14,190419.84,Peaty,No,478.81,10.39,High,Yes,Medium
208,3417,3039.8,2198.27,889.61,632278.4,Peaty,Yes,366.62,13.04,Low,No,Medium
156,1879,1184.63,1557.9,630.46,184802.28,Clay,No,345.2,10.6,Medium,No,Medium
197.6,2484,1651.61,1643,664.9,326358.14,Loamy,Yes,299.04,8.79,Medium,Yes,Large
312,2845,2101.2,1825.02,738.56,655574.4,Clay,Yes,344.33,13.94,Medium,Yes,Small
208,2520,1837.41,1801.72,729.13,382181.28,Silty,No,465.03,4.46,Low,No,Small
520,3762,2008.34,1319.17,533.85,1044336.8,Loamy,Yes,468.56,8.58,High,Yes,Small
416,2153,716.24,822.04,332.67,297955.84,Loamy,Yes,483.99,18.52,Low,No,Medium
416,1458,646.93,1096.43,443.71,269122.88,Peaty,No,387.52,10.14,Medium,No,Large
187.2,5015,2272.6,1119.78,453.16,425430.72,Loamy,No,460.42,11.11,Medium,No,Large
260,3277,1156.58,872.13,352.94,300710.8,Peaty,No,262.73,11.46,Medium,No,Small
416,1474,1445.43,2423.16,980.62,601298.88,Clay,Yes,388.91,12.16,High,No,Small
187.2,4350,1721.12,977.7,395.66,322193.66,Sandy,No,488.84,14.01,High,Yes,Medium
156,1631,1428.1,2163.65,875.6,222783.6,Silty,Yes,326.11,6.39,Medium,No,Large
208,3200,2349.86,1814.57,734.33,488770.88,Clay,No,519.62,16.28,High,No,Small
176.8,1859,1371.74,1823.36,737.89,242523.63,Peaty,Yes,217.42,16.37,Low,Yes,Medium
312,2983,937.26,776.4,314.2,292425.12,Silty,No,410.03,3.47,Medium,Yes,Large
187.2,4641,3567.35,1899.4,768.66,667807.92,Sandy,No,365.01,10.33,Low,Yes,Large
176.8,2246,1479.51,1627.75,658.73,261577.37,Clay,No,456.91,14.3,Medium,No,Small
166.4,1738,1517.43,2157.45,873.09,252500.35,Peaty,Yes,398.07,14.98,Medium,Yes,Small
156,1491,1468.99,2434.58,985.24,229162.44,Peaty,Yes,419.99,6.2,Medium,Yes,Medium
416,1598,1296.79,2005.28,811.51,539464.64,Clay,No,470.7,10.51,Medium,No,Medium
197.6,3510,3274.69,2305.39,932.96,647078.74,Loamy,No,539.21,14.93,Medium,No,Large
187.2,4494,2050.03,1127.22,456.17,383765.62,Sandy,Yes,304.87,10.89,Low,Yes,Medium
312,3438,437.9,314.74,127.37,136624.8,Loamy,Yes,601.26,9.78,High,Yes,Small
520,3111,332.29,263.93,106.81,172790.8,Sandy,No,350.63,13.11,Medium,No,Large
260,3414,1787.06,1293.47,523.45,464635.6,Loamy,No,304.29,12.78,High,No,Medium
208,2914,2661.24,2256.71,913.26,553537.92,Sandy,No,332.79,10.51,Medium,No,Large
312,3712,1626.82,1082.96,438.26,507567.84,Sandy,No,561.06,10.19,Medium,Yes,Medium
176.8,2491,834.96,828.27,335.19,147620.93,Clay,Yes,482.36,10.95,Medium,Yes,Small
520,2397,2109.96,2175.14,880.25,1097179.2,Peaty,No,435.37,7.07,Medium,No,Small
156,2336,210.99,223.19,90.32,32914.44,Peaty,No,506.21,11.96,Medium,Yes,Large
208,3049,1426.9,1156.43,467.99,296795.2,Clay,Yes,414.54,11.92,High,Yes,Medium
312,2687,2629.01,2417.72,978.42,820251.12,Clay,No,296.85,8.7,High,No,Large
187.2,5683,706.51,307.2,124.32,132258.67,Silty,No,592.66,14.32,Low,Yes,Large
260,3909,3546.01,2241.59,907.14,921962.6,Silty,Yes,384.33,15.03,High,Yes,Small
166.4,1622,853.14,1299.72,525.98,141962.5,Loamy,Yes,519.75,16.1,High,No,Medium
197.6,4597,4071.24,2188.44,885.63,804477.02,Silty,No,453.49,10.19,Medium,Yes,Large
312,2329,1584.91,1681.57,680.51,494491.92,Silty,Yes,303.49,4.87,High,Yes,Small
156,1695,1452.72,2117.84,857.06,226624.32,Clay,Yes,425.71,15.11,Medium,Yes,Medium
520,3335,3334.87,2470.95,999.96,1734132.4,Clay,No,412.83,8.86,High,Yes,Medium
416,2142,1780.28,2053.76,831.13,740596.48,Silty,Yes,512.2,11.66,Medium,Yes,Medium
156,1972,816.66,1023.34,414.13,127398.96,Loamy,No,343.22,11.21,High,No,Medium
156,2381,290.62,301.62,122.06,45336.72,Silty,No,426.84,10.39,Medium,No,Large
166.4,1370,508.83,917.77,371.41,84669.31,Sandy,Yes,181.63,9.42,Medium,No,Small
156,1725,1339.48,1918.8,776.51,208958.88,Loamy,Yes,360.84,6.87,Medium,Yes,Small
156,1338,402.07,742.55,300.5,62722.92,Sandy,No,179.47,15.58,Medium,No,Medium
312,2941,2556.52,2148.01,869.27,797634.24,Clay,No,319.83,15.9,Low,Yes,Medium
166.4,2078,1317.29,1566.45,633.92,219197.06,Sandy,No,400.78,11.33,Medium,Yes,Medium
520,3572,2947.94,2039.33,825.29,1532928.8,Loamy,Yes,383.23,11.62,Medium,Yes,Large
520,2476,2185.19,2180.83,882.55,1136298.8,Peaty,Yes,278.14,8.98,Medium,No,Small
260,3901,1637.21,1037.07,419.69,425674.6,Clay,No,319.78,11.58,High,Yes,Large
176.8,2239,2214.93,2444.49,989.25,391599.62,Clay,Yes,430.35,5.46,High,No,Small
260,2928,1181.74,997.32,403.6,307252.4,Sandy,Yes,619.34,15.19,Low,Yes,Large
260,4136,441.77,263.93,106.81,114860.2,Sandy,Yes,431.7,9.35,Medium,Yes,Medium
260,3062,176.28,142.26,57.57,45832.8,Clay,Yes,298.32,15.45,Medium,No,Medium
176.8,2243,430.59,474.37,191.97,76128.31,Sandy,Yes,354.01,8.1,Medium,No,Large
260,4668,1695.42,897.49,363.2,440809.2,Peaty,No,552.59,13.29,Low,No,Small
176.8,2199,1496.57,1681.72,680.57,264593.58,Loamy,No,453.62,9.42,Medium,Yes,Medium
197.6,4197,1649.63,971.25,393.05,325966.89,Clay,No,504.45,9.43,Medium,No,Medium
156,2382,2126.44,2205.93,892.71,331724.64,Sandy,No,335.85,11.93,Medium,Yes,Large
260,2619,2011.31,1897.69,767.97,522940.6,Clay,Yes,157.65,8.43,Low,No,Large
520,2439,1152.48,1167.62,472.52,599289.6,Sandy,No,260.77,10.72,Medium,No,Large
520,4129,2611.96,1563.16,632.59,1358219.2,Sandy,Yes,344.64,8.26,High,Yes,Small
260,4156,3622.66,2153.94,871.67,941891.6,Loamy,Yes,507.77,10.99,Medium,No,Medium
260,3515,2382.64,1675,677.85,619486.4,Clay,No,462.82,14.64,Medium,Yes,Small
187.2,5229,3211.81,1517.79,614.23,601250.83,Silty,Yes,447.36,10.95,Medium,No,Medium
416,1243,516.06,1025.91,415.17,214680.96,Peaty,Yes,295.14,9.37,Low,No,Small
176.8,2577,1596.48,1530.84,619.51,282257.66,Sandy,No,483.87,8.48,High,Yes,Medium
187.2,5731,2757.64,1189.02,481.18,516230.21,Clay,No,405.62,15.64,Low,No,Large
208,3493,2963.88,2096.74,848.52,616487.04,Peaty,No,416.18,11.97,Medium,Yes,Medium
520,3560,1119.48,777.05,314.46,582129.6,Silty,No,490.19,14.07,Low,Yes,Large
312,3822,3011.05,1946.74,787.82,939447.6,Sandy,No,430.5,8.46,Medium,No,Small
166.4,1538,1099.35,1766.28,714.79,182931.84,Peaty,Yes,309,13.2,Medium,No,Medium
187.2,3325,3243.47,2410.46,975.48,607177.58,Peaty,Yes,473.23,7.17,High,No,Small
416,1111,246.71,548.72,222.06,102631.36,Silty,Yes,276.02,13.03,Medium,Yes,Large
208,2725,1725.61,1564.79,633.25,358926.88,Loamy,No,307.41,12.62,Low,Yes,Medium
260,3477,1773.13,1260.14,509.96,461013.8,Clay,Yes,387.16,9.19,Medium,Yes,Large
156,2014,1674.9,2055,831.63,261284.4,Peaty,No,417.33,12.38,Low,Yes,Large
176.8,2066,877.72,1049.8,424.84,155180.9,Sandy,Yes,467.4,12.89,Medium,No,Medium
197.6,3586,1042.45,718.33,290.7,205988.12,Silty,No,374.71,11.91,Medium,No,Large
176.8,2513,2404.29,2364.15,956.74,425078.47,Clay,No,471.19,10.64,Medium,Yes,Small
416,1982,272.45,339.67,137.46,113339.2,Loamy,No,378.54,11.09,Low,No,Large
260,4287,952.14,548.82,222.1,247556.4,Sandy,Yes,456.51,10.38,High,Yes,Medium
416,2151,444.65,510.82,206.72,184974.4,Peaty,Yes,374.56,13.95,High,No,Small
187.2,5846,3162.16,1336.62,540.91,591956.35,Silty,No,576.66,18.06,Medium,No,Large
176.8,2930,249.23,210.19,85.06,44063.86,Peaty,Yes,507.04,15.65,Low,No,Medium
312,2998,1449.41,1194.65,483.46,452215.92,Loamy,No,342.42,15.54,Medium,Yes,Small
197.6,2897,600.23,511.98,207.19,118605.45,Loamy,No,191.43,9.21,Low,Yes,Medium
166.4,1841,1400.93,1880.37,760.96,233114.75,Peaty,No,398.36,13.55,Low,Yes,Medium
312,3524,2877.84,2017.96,816.64,897886.08,Sandy,No,328.38,12.11,Medium,No,Small
156,1745,414.23,586.58,237.38,64619.88,Loamy,Yes,343.89,11.97,Medium,Yes,Small
312,2046,155.84,188.22,76.17,48622.08,Silty,Yes,285.13,12.89,Medium,No,Large
312,2868,508.04,437.72,177.14,158508.48,Loamy,Yes,362.33,13.12,High,No,Small
312,3827,2566,1656.84,670.5,800592,Peaty,No,309.38,11.62,Medium,No,Small
176.8,2484,704.93,701.26,283.79,124631.62,Silty,Yes,480.55,10.72,Medium,No,Large
208,2539,523.36,509.36,206.13,108858.88,Sandy,No,352.66,9.55,Medium,Yes,Medium
166.4,1337,812.32,1501.34,607.57,135170.05,Silty,Yes,259.71,21.43,Low,No,Small
197.6,3218,2979.9,2288.22,926.01,588828.24,Clay,No,469.26,10.49,Low,No,Small
156,1633,378.94,573.41,232.05,59114.64,Clay,Yes,466.69,12.16,Medium,No,Medium
208,1635,1578.61,2385.82,965.51,328350.88,Clay,Yes,285.51,6.84,High,Yes,Medium
197.6,4406,911.87,511.41,206.96,180185.51,Loamy,No,494.23,10.11,Medium,No,Large
416,1374,469.4,844.18,341.63,195270.4,Silty,No,476.63,7.87,Medium,Yes,Small
416,1953,418.2,529.13,214.13,173971.2,Silty,Yes,518.75,13.57,Medium,Yes,Medium
208,2344,269.4,284,114.93,56035.2,Sandy,No,259.17,9.38,Low,No,Medium
197.6,3445,768.99,551.59,223.22,151952.42,Peaty,Yes,349.42,15.47,Low,Yes,Large
260,2606,2060.82,1954.11,790.8,535813.2,Sandy,No,238.1,11.83,Medium,No,Medium
416,1508,1196.81,1961.12,793.64,497872.96,Peaty,Yes,353.13,10.29,High,Yes,Small
197.6,4451,1874.32,1040.56,421.1,370365.63,Peaty,No,501.61,16.12,Medium,Yes,Small
208,3390,1076.83,784.93,317.65,223980.64,Loamy,No,475.1,15.97,High,No,Large
260,3014,566.9,464.78,188.09,147394,Sandy,No,233.67,10.78,Medium,No,Medium
312,3621,209.37,142.88,57.82,65323.44,Peaty,No,570.16,13.34,Low,No,Large
156,1819,881.58,1197.59,484.65,137526.48,Sandy,Yes,464.57,15.47,High,Yes,Large
187.2,4735,1398.29,729.73,295.31,261759.89,Sandy,No,354.96,9.4,Medium,No,Small
416,2131,2111.63,2448.59,990.91,878438.08,Clay,No,318.69,15.43,Medium,No,Medium
197.6,3824,3091.67,1997.82,808.49,610913.99,Silty,No,335.16,11.75,Medium,Yes,Large
187.2,5621,1763.2,775.12,313.68,330071.04,Sandy,No,390.85,18.63,Low,Yes,Small
166.4,1160,278.14,592.51,239.78,46282.5,Loamy,Yes,290.9,12.1,Medium,Yes,Medium
187.2,4235,3254.34,1898.85,768.44,609212.45,Clay,Yes,314.71,10.85,High,No,Large
176.8,2050,1145.03,1380.2,558.55,202441.3,Loamy,Yes,414.1,5.73,Medium,No,Small
187.2,5543,4614.66,2057.2,832.52,863864.35,Peaty,No,492.53,10.7,Medium,Yes,Medium
260,4579,521.5,281.43,113.89,135590,Silty,Yes,561.21,13,High,Yes,Medium
166.4,1215,574.34,1168.09,472.71,95570.18,Loamy,Yes,315.33,7.75,High,No,Small
416,1958,119.59,150.93,61.08,49749.44,Silty,Yes,410.59,11.52,Medium,Yes,Large
197.6,3041,2974.01,2416.61,977.97,587664.38,Peaty,Yes,671.46,10.93,High,Yes,Small
187.2,4141,3983.31,2376.95,961.92,745675.63,Clay,Yes,376.52,13.05,Medium,No,Medium
312,3612,1798.52,1230.41,497.93,561138.24,Loamy,No,521.66,14.3,High,No,Medium
187.2,4894,4146.59,2093.67,847.28,776241.65,Peaty,Yes,342.02,10.76,Low,No,Medium
312,2585,281.74,269.32,108.99,87902.88,Loamy,No,325.73,12.32,Low,No,Small
520,2259,494.88,541.33,219.07,257337.6,Sandy,No,245.26,8.46,Low,No,Medium
416,834,64.04,189.75,76.79,26640.64,Loamy,No,183.65,3.9,Medium,Yes,Small
416,2010,1286.96,1582.16,640.28,535375.36,Peaty,No,395.54,13.3,Medium,Yes,Small
176.8,2415,1204.67,1232.63,498.83,212985.66,Clay,No,306.03,11.18,Medium,No,Small
187.2,5021,2712.6,1334.98,540.25,507798.72,Clay,Yes,364.91,17.88,Medium,No,Large
520,2940,2284.76,1920.33,777.13,1188075.2,Clay,No,398.25,15.91,High,Yes,Large
187.2,4880,3964.85,2007.65,812.47,742219.92,Peaty,No,480.21,9.83,Medium,Yes,Large
176.8,2030,1922.63,2340.36,947.11,339920.98,Peaty,No,326.99,2.97,Medium,No,Large
416,1978,1629.5,2035.68,823.81,677872,Loamy,No,523.75,11.48,Medium,Yes,Small
166.4,1856,481.52,641.09,259.44,80124.93,Silty,Yes,477.32,14.04,Medium,Yes,Small
197.6,4746,266.54,138.77,56.16,52668.3,Loamy,No,548.67,9.3,Low,Yes,Large
520,3624,1978.81,1349.27,546.03,1028981.2,Silty,Yes,388.98,13.48,Low,No,Large
312,2444,1402.49,1418.01,573.85,437576.88,Peaty,No,269.83,9.63,Medium,Yes,Small
176.8,1662,242.44,360.45,145.87,42863.39,Loamy,Yes,282.27,8.97,Low,Yes,Medium
416,2143,195.61,225.56,91.28,81373.76,Silty,No,396.52,9.97,Medium,Yes,Medium
187.2,5622,2681.64,1178.67,476.99,502003.01,Peaty,Yes,361.84,15.7,Low,No,Small
208,2634,1850.94,1736.43,702.71,384995.52,Loamy,No,589.39,12.26,Medium,Yes,Large
156,1906,522,676.75,273.87,81432,Clay,No,509.79,13.2,Low,Yes,Large
176.8,1444,1351.58,2312.9,936,238959.34,Loamy,Yes,244.59,13.41,Medium,No,Large
156,1507,200.9,329.42,133.31,31340.4,Sandy,No,266.85,10.26,Medium,Yes,Medium
197.6,4196,1813.05,1067.72,432.09,358258.68,Loamy,No,437.62,14.67,Medium,Yes,Large
416,1862,1394.15,1850.17,748.74,579966.4,Clay,Yes,338.73,11.95,High,No,Large
208,2448,2444.82,2467.84,998.7,508522.56,Silty,Yes,467.82,17.24,Medium,No,Large
187.2,4850,2227.65,1134.98,459.31,417016.08,Sandy,No,511.47,12.08,Medium,No,Small
176.8,2266,859.58,937.37,379.34,151973.74,Clay,No,389.52,8.04,High,Yes,Medium
416,1577,211.4,331.24,134.05,87942.4,Silty,Yes,452.79,6.06,Low,Yes,Large
312,2106,1365.11,1601.73,648.2,425914.32,Clay,No,236.31,8.23,Medium,Yes,Medium
197.6,4247,1188.31,691.4,279.8,234810.06,Clay,Yes,449.42,13.82,Medium,No,Medium
416,1546,872.25,1394.17,564.2,362856,Peaty,No,318.16,12.69,Low,Yes,Large
208,3056,1912.99,1546.83,625.98,397901.92,Sandy,No,391.69,11.15,High,No,Large
520,3028,2978.89,2430.97,983.78,1549022.8,Sandy,No,350.81,17.32,Low,No,Medium
312,2230,864.08,957.48,387.48,269592.96,Loamy,Yes,227.54,9.46,Low,No,Large
197.6,3317,2520.69,1877.83,759.93,498088.34,Loamy,Yes,540.8,11.24,Medium,No,Large
187.2,4878,714.24,361.81,146.42,133705.73,Peaty,Yes,412.92,11.18,Medium,No,Large
156,1392,288.14,511.51,207,44949.84,Peaty,No,400.8,6.28,Medium,No,Small
260,3795,205.04,133.51,54.03,53310.4,Clay,No,396.05,9.96,Low,No,Small
166.4,1438,1292.22,2220.53,898.62,215025.41,Silty,No,320.44,7.79,Low,No,Medium
197.6,4758,1898.25,985.85,398.96,375094.2,Silty,No,561.55,9.52,Medium,No,Small
187.2,4600,2257.77,1212.84,490.82,422654.54,Peaty,Yes,409.63,7.84,Low,No,Medium
176.8,2187,746.16,843.07,341.18,131921.09,Silty,No,354.97,14.37,Medium,Yes,Large
197.6,3774,1383.62,905.94,366.62,273403.31,Sandy,Yes,376.81,17.74,Low,Yes,Large
156,2077,2069.23,2461.81,996.26,322799.88,Clay,No,368.82,12.47,Medium,No,Medium
197.6,3412,3185.89,2307.29,933.73,629531.86,Loamy,Yes,318.83,6.78,Medium,Yes,Medium
187.2,4037,1407.86,861.75,348.74,263551.39,Sandy,No,355.02,10.67,Low,Yes,Large
260,4044,2375.81,1451.72,587.49,617710.6,Peaty,Yes,323.3,9.99,High,Yes,Small
197.6,4692,3921.15,2065.08,835.71,774819.24,Sandy,Yes,417.68,12.43,Low,No,Small
260,2915,2838.98,2406.61,973.92,738134.8,Clay,No,240.58,16.75,Medium,No,Large
520,2951,741.53,620.93,251.28,385595.6,Sandy,No,393.97,7.73,Medium,Yes,Large
208,2445,1517.46,1533.63,620.64,315631.68,Peaty,Yes,267.89,10.14,Medium,No,Medium
156,2078,1135.71,1350.53,546.54,177170.76,Peaty,Yes,402.87,9.57,Medium,No,Medium
260,3612,3494.28,2390.52,967.41,908512.8,Sandy,Yes,438.55,7.75,Medium,Yes,Medium
208,2954,2739.95,2292,927.54,569909.6,Silty,No,353.23,11.05,Medium,Yes,Small
260,3481,1775.34,1260.26,510.01,461588.4,Loamy,Yes,519.78,13.88,Medium,No,Large
260,2592,817.93,779.76,315.56,212661.8,Sandy,No,272.27,10.19,Low,Yes,Small
208,2542,2214.69,2152.88,871.24,460655.52,Sandy,No,333.93,10.08,High,Yes,Large
176.8,2973,1217.74,1012.14,409.6,215296.43,Sandy,No,458.11,13.6,Medium,Yes,Large
312,2569,1440.88,1385.94,560.87,449554.56,Sandy,Yes,283.65,10.98,High,No,Large
176.8,2524,374.51,366.65,148.38,66213.37,Clay,No,431.71,13.24,High,Yes,Small
520,3188,715.42,554.53,224.41,372018.4,Loamy,Yes,343.08,8.25,Medium,Yes,Large
520,3338,3195.07,2365.24,957.18,1661436.4,Sandy,Yes,443.38,10.08,Medium,No,Medium
260,3287,165.86,124.69,50.46,43123.6,Sandy,Yes,418.18,10.66,Low,No,Small
520,2905,1252.52,1065.42,431.16,651310.4,Sandy,No,364.85,10.48,High,Yes,Large
197.6,4618,1082.92,579.46,234.5,213984.99,Loamy,No,400.31,9.44,Low,No,Small
312,2700,2551.42,2335.07,944.97,796043.04,Silty,Yes,534.43,14.92,Medium,Yes,Large
156,1759,1195.24,1679.08,679.5,186457.44,Loamy,Yes,472.98,13.44,Low,Yes,Large
176.8,2897,1091.39,930.92,376.73,192957.75,Sandy,No,474.88,9.17,Medium,No,Medium
156,1814,1566.14,2133.41,863.36,244317.84,Sandy,Yes,431.92,12.43,High,No,Small
187.2,4386,2827.57,1593.04,644.68,529321.1,Peaty,Yes,313.64,4.79,Medium,No,Large
156,1930,1100.35,1408.82,570.13,171654.6,Clay,No,424.61,12.46,Medium,Yes,Small
156,1653,165.15,246.88,99.91,25763.4,Loamy,No,296.76,15.55,Medium,No,Medium
187.2,5795,2168.78,924.79,374.25,405995.62,Clay,No,415.57,19.84,Low,Yes,Medium
208,3301,1147.99,859.36,347.77,238781.92,Loamy,Yes,406.62,13.42,Medium,Yes,Large
156,2349,1108.54,1166.14,471.92,172932.24,Loamy,No,437.72,9.53,Low,No,Large
156,1726,1024.59,1466.86,593.62,159836.04,Loamy,No,503.95,15.47,Medium,No,Large
166.4,1382,385.87,689.94,279.21,64208.77,Loamy,Yes,287.91,16.31,High,No,Medium
176.8,2790,1718.81,1522.32,616.06,303885.61,Silty,No,348.51,14.36,Low,Yes,Small
166.4,2037,150.78,182.91,74.02,25089.79,Peaty,No,460.02,13.76,High,Yes,Medium
312,2722,2010.66,1825.29,738.67,627325.92,Clay,No,505.91,13.95,High,No,Medium
416,1475,117.38,196.65,79.58,48830.08,Clay,Yes,497.09,11.95,Medium,No,Small
416,1700,394.65,573.65,232.15,164174.4,Silty,Yes,330.07,15.07,Low,Yes,Large
208,3194,1002.63,775.69,313.91,208547.04,Peaty,No,373.7,12.28,Medium,Yes,Large
520,4103,3341.48,2012.42,814.4,1737569.6,Loamy,No,370.5,9.13,Medium,No,Small
312,3567,2600.34,1801.4,729,811306.08,Silty,Yes,348.04,12.7,High,No,Small
312,2914,1691.37,1434.27,580.43,527707.44,Peaty,No,399.12,11.8,Medium,No,Small
208,3268,2684.56,2029.89,821.47,558388.48,Clay,Yes,464.59,10.33,Low,No,Medium
520,3216,2713.34,2084.82,843.7,1410936.8,Peaty,No,461.26,8.2,High,Yes,Small
197.6,3227,1404.45,1075.45,435.22,277519.32,Silty,No,414.71,14.32,High,Yes,Small
260,4247,3300.85,1920.55,777.22,858221,Clay,No,477.24,11.88,Medium,No,Medium
260,3308,2879.51,2150.97,870.47,748672.6,Loamy,No,447.28,10.08,Medium,No,Medium
166.4,2044,858.66,1038.06,420.09,142881.02,Clay,Yes,400.15,11.92,Medium,No,Medium
208,2423,1980.88,2020.16,817.53,412023.04,Sandy,No,633.48,9.62,High,Yes,Small
520,2021,465.82,569.55,230.49,242226.4,Silty,No,247.49,11.08,Medium,Yes,Medium
312,3477,2064.12,1466.94,593.65,644005.44,Peaty,No,436.9,15.7,High,Yes,Large
176.8,1463,278.61,470.59,190.44,49258.25,Clay,Yes,179.23,9.3,Medium,Yes,Small
197.6,3459,1509.65,1078.47,436.44,298306.84,Loamy,No,318.98,12.06,High,No,Small
166.4,1578,1156.42,1810.88,732.84,192428.29,Peaty,No,560.34,5.16,Low,No,Medium
156,2298,596.42,641.34,259.54,93041.52,Silty,Yes,382.6,13.11,Low,Yes,Small
260,4786,4695.26,2424.2,981.04,1220767.6,Clay,No,309.4,15.44,High,Yes,Medium
176.8,2655,1923.52,1790.25,724.49,340078.34,Silty,Yes,316.99,12.98,High,No,Medium
208,3184,1128.06,875.47,354.29,234636.48,Clay,No,496.73,13.71,Medium,No,Small
416,1713,1452.4,2095.13,847.87,604198.4,Loamy,No,478.22,13.13,Medium,Yes,Large
312,3560,527.09,365.86,148.06,164452.08,Clay,No,406.11,15.85,High,No,Medium
260,4041,950.28,581.09,235.16,247072.8,Silty,No,429.87,14.54,Medium,Yes,Small
208,3252,2519.94,1914.79,774.89,524147.52,Sandy,No,395.79,9.12,High,No,Small
176.8,2494,1097.43,1087.34,440.03,194025.62,Clay,No,423.42,9.68,Medium,Yes,Medium
156,1968,1411.73,1772.58,717.34,220229.88,Sandy,Yes,371.97,14.29,Medium,Yes,Large
208,2996,488.56,402.95,163.07,101620.48,Sandy,Yes,410.3,13.87,Medium,No,Large
166.4,1735,417.98,595.3,240.91,69551.87,Loamy,No,479.08,13.4,Low,No,Large
197.6,4446,3977.12,2210.45,894.54,785878.91,Clay,Yes,309.21,11.1,Medium,Yes,Medium
156,1526,516.61,836.55,338.54,80591.16,Silty,Yes,258.53,10.61,Medium,No,Large
197.6,3866,1484.62,948.93,384.02,293360.91,Silty,Yes,402.51,10.23,Low,Yes,Large
260,3616,1512.68,1033.71,418.33,393296.8,Clay,No,379,12.68,High,No,Medium
520,3319,1128.43,840.13,339.99,586783.6,Loamy,Yes,527.12,18.2,Medium,Yes,Large
416,1173,345.74,728.34,294.75,143827.84,Loamy,No,215.65,12.3,Medium,No,Medium
156,1366,503.58,910.95,368.65,78558.48,Sandy,No,264.27,16.35,Medium,Yes,Small
166.4,1686,585.88,858.69,347.5,97490.43,Loamy,Yes,333.97,16.33,Medium,Yes,Small
187.2,2987,584.14,483.24,195.56,109351.01,Clay,No,226.29,15.1,High,Yes,Medium
166.4,2149,872.49,1003.25,406,145182.34,Clay,Yes,440.08,13.79,Low,Yes,Medium
197.6,3774,618.63,405.05,163.92,122241.29,Sandy,No,413.71,6.24,Medium,Yes,Large
260,3263,2492.67,1887.68,763.92,648094.2,Peaty,Yes,595.25,14.5,Medium,Yes,Large
197.6,4550,1455.23,790.32,319.83,287553.45,Silty,No,422.86,11.8,Medium,No,Large
176.8,2945,293.17,245.99,99.55,51832.46,Sandy,No,364.29,12.41,Medium,No,Large
260,3245,1693.89,1289.89,522,440411.4,Peaty,No,498.68,13.82,Medium,No,Medium
312,3787,1781.59,1162.51,470.45,555856.08,Clay,No,548.71,9.75,Medium,Yes,Large
176.8,2890,407.78,348.67,141.1,72095.5,Silty,No,429.33,18.66,High,Yes,Large
166.4,1897,1390.52,1811.3,733.01,231382.53,Loamy,No,448.26,13.4,Medium,No,Small
260,3246,698.73,531.92,215.26,181669.8,Loamy,No,497.64,13.85,Medium,Yes,Large
260,4651,609.37,323.76,131.02,158436.2,Peaty,No,493.97,12.03,Medium,Yes,Small
176.8,2729,510.76,462.48,187.16,90302.37,Peaty,Yes,465.83,10.82,High,No,Medium
166.4,1570,785.82,1236.81,500.52,130760.45,Peaty,No,483.5,13,Medium,No,Medium
187.2,4144,2147.59,1280.6,518.24,402028.85,Peaty,No,420.72,9.67,High,No,Large
520,3701,2193.36,1464.44,592.64,1140547.2,Silty,No,323.48,11.2,Medium,Yes,Medium
312,1744,1335.21,1891.84,765.6,416585.52,Loamy,Yes,299.35,7.15,Medium,Yes,Large
187.2,4436,3280.87,1827.59,739.6,614178.86,Loamy,Yes,516.88,9.65,High,Yes,Small
166.4,1618,1372.08,2095.48,848.01,228314.11,Silty,No,325.09,7.22,Medium,No,Small
208,3113,352.05,279.45,113.09,73226.4,Loamy,No,372.4,11.17,Medium,No,Small
312,2132,1855.27,2150.31,870.2,578844.24,Loamy,No,257.22,12.43,Medium,Yes,Medium
208,2643,443.71,414.84,167.88,92291.68,Peaty,Yes,466.56,8.31,High,Yes,Medium
197.6,2816,711.38,624.24,252.62,140568.69,Peaty,Yes,264.66,9.9,High,Yes,Medium
197.6,3800,370.54,240.95,97.51,73218.7,Clay,No,414.09,11.54,Medium,No,Medium
520,3462,943.91,673.73,272.65,490833.2,Silty,Yes,455.29,8.18,Medium,Yes,Small
187.2,2998,2374.39,1957.05,791.99,444485.81,Loamy,Yes,284.84,12.95,Medium,Yes,Large
197.6,2422,166.46,169.84,68.73,32892.5,Loamy,No,220.07,14.39,Medium,No,Small
156,1709,219.25,317.01,128.29,34203,Peaty,No,316.31,11.42,Low,No,Medium
520,3819,3443.36,2228,901.64,1790547.2,Clay,Yes,471.49,20.7,Low,No,Medium
156,1683,157.66,231.49,93.68,24594.96,Peaty,Yes,631.95,5.65,Medium,Yes,Small
416,1764,912.43,1278.15,517.25,379570.88,Sandy,Yes,545.53,18.48,High,Yes,Small
166.4,1302,496.7,942.68,381.49,82650.88,Clay,No,255.65,8.51,Medium,Yes,Medium
166.4,2077,1258,1496.67,605.68,209331.2,Peaty,No,379.5,9.31,Medium,Yes,Small
156,1646,1461.85,2194.59,888.12,228048.6,Sandy,Yes,339.44,17.02,Low,No,Large
187.2,4939,1231.39,616.08,249.32,230516.21,Sandy,No,444.16,11,High,Yes,Small
176.8,2716,1009.16,918.14,371.56,178419.49,Clay,No,310.96,8.06,Low,Yes,Small
166.4,1681,1355.15,1992.06,806.16,225496.96,Clay,Yes,484.17,10.64,Medium,Yes,Medium
156,1441,307.93,528.04,213.69,48037.08,Clay,Yes,227.04,10.59,Low,No,Large
312,3258,2482.24,1882.67,761.89,774458.88,Silty,No,494.7,15.64,High,Yes,Large
166.4,1540,1061.38,1703.07,689.21,176613.63,Loamy,Yes,397.75,12.1,Low,Yes,Medium
260,4401,3180.82,1785.95,722.75,827013.2,Silty,No,502.8,9.88,Low,No,Small
260,4740,3293.97,1717.21,694.93,856432.2,Clay,No,324.98,12.3,Low,No,Medium
187.2,5392,4168.34,1910.27,773.06,780313.25,Silty,Yes,314.09,13.07,Low,Yes,Large
312,3768,1763.35,1156.4,467.98,550165.2,Loamy,No,498.68,12.41,Medium,Yes,Small
187.2,4369,2505.93,1417.32,573.57,469110.1,Loamy,No,586.42,12.05,Medium,No,Small
156,1310,880.27,1660.45,671.96,137322.12,Peaty,No,273.66,10.45,Low,No,Medium
416,2060,799.34,958.84,388.03,332525.44,Sandy,No,411.97,11.31,Medium,No,Small
312,2471,404.5,404.51,163.7,126204,Loamy,Yes,297.17,11.62,High,No,Large
176.8,2057,569.25,683.84,276.74,100643.4,Clay,Yes,295.01,10.54,High,Yes,Medium
156,1728,100.86,144.24,58.37,15734.16,Clay,Yes,436.45,12.5,Medium,Yes,Medium
197.6,4153,2187.47,1301.55,526.72,432244.07,Loamy,Yes,374.86,10.78,Medium,No,Small
520,3133,1809.09,1426.86,577.43,940726.8,Sandy,Yes,447.6,12.78,Medium,No,Large
416,1195,1032.53,2135.09,864.04,429532.48,Silty,Yes,477.87,3.34,High,Yes,Small
176.8,2225,1382.15,1534.99,621.19,244364.12,Peaty,Yes,402.1,15.8,Medium,Yes,Large
166.4,2051,864,1040.95,421.26,143769.6,Loamy,Yes,397.76,10.1,High,No,Medium
156,1916,1605.13,2070.12,837.75,250400.28,Silty,No,374.13,13.75,High,No,Large
166.4,1911,1086.52,1404.94,568.56,180796.93,Sandy,No,319.34,12.79,Low,Yes,Small
156,1999,448.84,554.82,224.53,70019.04,Clay,No,407.95,14.51,Low,No,Medium
312,2089,1474.79,1744.51,705.98,460134.48,Peaty,Yes,378.3,3.83,Medium,No,Small
176.8,2256,524.61,574.62,232.54,92751.05,Silty,No,357.2,11.04,Low,Yes,Small
208,2576,1564.56,1500.82,607.36,325428.48,Silty,No,534.39,13.33,Medium,Yes,Large
166.4,1767,710.79,994,402.26,118275.46,Silty,Yes,402.03,8.91,Low,Yes,Small
197.6,4647,4082.39,2170.82,878.5,806680.26,Sandy,Yes,577.57,11.6,Low,Yes,Large
416,1546,661.29,1056.97,427.74,275096.64,Silty,Yes,360.94,8.88,Medium,Yes,Medium
166.4,2127,517.2,600.86,243.16,86062.08,Sandy,No,347.11,9.19,High,Yes,Medium
187.2,4199,4115.61,2421.97,980.14,770442.19,Sandy,No,331.04,13.42,Medium,Yes,Small
197.6,4732,1065.69,556.51,225.21,210580.34,Peaty,Yes,341.45,13.54,Low,No,Medium
197.6,2304,271.25,290.92,117.73,53599,Loamy,No,109.76,12.05,High,No,Medium
312,2991,2096.21,1731.81,700.84,654017.52,Clay,Yes,377.7,15.23,Low,Yes,Medium
156,2093,1054.16,1244.57,503.66,164448.96,Loamy,Yes,446,8.09,High,Yes,Small
187.2,5904,3923.39,1642.09,664.53,734458.61,Silty,No,488.78,10.81,Medium,No,Small
416,2024,1971.19,2406.58,973.91,820015.04,Silty,No,372.35,14.67,High,No,Small
176.8,2979,525.88,436.21,176.53,92975.58,Silty,No,389.93,10.55,High,No,Medium
187.2,5674,3905.98,1701.07,688.4,731199.46,Clay,No,542.57,15.39,Medium,Yes,Small
156,2116,1757.19,2052.03,830.43,274121.64,Loamy,No,443.53,9,Medium,Yes,Small
156,2072,1513.08,1804.48,730.25,236040.48,Clay,Yes,435.59,14.45,Low,No,Small
156,1282,848.88,1636.21,662.15,132425.28,Loamy,Yes,152.72,7.81,High,No,Large
260,2385,1023.55,1060.48,429.16,266123,Peaty,Yes,266.26,13.72,High,Yes,Medium
208,2620,297.21,280.32,113.44,61819.68,Sandy,Yes,508.15,11.37,High,Yes,Medium
197.6,3666,1535.58,1035.05,418.87,303430.61,Loamy,Yes,409.42,14.56,High,No,Medium
520,3303,680.95,509.43,206.16,354094,Peaty,No,392.02,12.57,High,No,Medium
176.8,2988,696.53,576.03,233.11,123146.5,Clay,Yes,402.13,10.99,Medium,Yes,Small
166.4,1722,111.59,160.12,64.8,18568.58,Sandy,No,446.64,13.73,Medium,No,Medium
197.6,3436,1035.61,744.77,301.4,204636.54,Silty,Yes,426.09,12.99,Medium,No,Medium
416,1525,1413.66,2290.64,926.99,588082.56,Silty,Yes,468.72,13.97,Low,Yes,Small
176.8,2707,2329.35,2126.31,860.49,411829.08,Clay,No,442.64,15.19,Medium,No,Small
166.4,1596,582.84,902.4,365.19,96984.58,Clay,Yes,367.71,12.6,Low,Yes,Large
520,2976,1828.22,1518.02,614.32,950674.4,Sandy,No,476.27,11.83,Low,No,Medium
187.2,2957,1024.81,856.39,346.57,191844.43,Clay,No,250.41,8.03,Medium,Yes,Large
260,3960,2555.07,1594.37,645.22,664318.2,Sandy,No,307.12,11.12,Medium,No,Small
416,1186,1025.57,2136.79,864.73,426637.12,Loamy,No,252.22,12.32,High,No,Medium
187.2,5188,1321.95,629.65,254.81,247469.04,Loamy,Yes,609.05,10.68,Medium,Yes,Small
176.8,2184,1778.08,2011.78,814.14,314364.54,Sandy,No,356.43,8.84,High,No,Medium
187.2,5480,566.85,255.61,103.44,106114.32,Silty,Yes,370.69,11.17,Medium,No,Small
197.6,4164,3634.59,2156.88,872.86,718194.98,Silty,Yes,517.2,14.29,High,No,Large
156,1463,490.79,828.96,335.47,76563.24,Silty,No,223.65,11.37,Medium,No,Large
312,2774,1451.36,1292.85,523.2,452824.32,Clay,Yes,386.49,14.55,Medium,No,Medium
156,1766,833.11,1165.72,471.75,129965.16,Loamy,No,386.08,8.35,Low,No,Small
416,1389,921.42,1639.22,663.37,383310.72,Loamy,No,253.61,8.36,Medium,No,Medium
520,2829,622.95,544.13,220.2,323934,Sandy,No,436.1,18.45,Medium,No,Large
312,3312,2437.1,1818.3,735.84,760375.2,Clay,No,500.88,13.41,Medium,No,Medium
416,1658,693.61,1033.74,418.34,288541.76,Sandy,Yes,301,8.7,Medium,No,Large
187.2,5601,2846.48,1255.81,508.21,532861.06,Clay,No,310.03,8.47,Low,No,Large
208,2700,602.53,551.44,223.16,125326.24,Sandy,No,367.35,10.19,Medium,Yes,Large
187.2,4732,1659.04,866.35,350.6,310572.29,Clay,No,435.67,13.19,High,No,Large
197.6,3041,159.41,129.53,52.42,31499.42,Peaty,Yes,726.81,12.84,High,Yes,Large
176.8,2735,2700.98,2440.31,987.56,477533.26,Sandy,No,439.4,9.72,High,Yes,Small
197.6,4798,2271.33,1169.77,473.39,448814.81,Clay,Yes,526.53,12.05,Medium,No,Medium
312,2759,2192.6,1963.77,794.71,684091.2,Loamy,Yes,486.02,12.17,Medium,No,Large
520,2081,1135.56,1348.4,545.68,590491.2,Loamy,No,128.59,15.69,High,No,Large
520,3199,2779.96,2147.37,869.01,1445579.2,Clay,No,351.85,12.69,High,No,Medium
520,2834,1107.7,965.83,390.86,576004,Loamy,Yes,408.8,8.63,High,Yes,Medium
166.4,2099,167.33,196.99,79.72,27843.71,Loamy,No,579.24,9.8,Medium,Yes,Small
156,1548,1167.94,1864.36,754.48,182198.64,Silty,No,275.18,9.73,Medium,Yes,Large
166.4,2101,1695.32,1993.91,806.91,282101.25,Silty,No,394.57,14.01,High,Yes,Medium
260,3958,2949.38,1841.35,745.17,766838.8,Sandy,No,474.98,13.3,Low,No,Large
187.2,4368,3532.1,1998.17,808.63,661209.12,Loamy,Yes,489.77,13.62,High,Yes,Medium
197.6,3432,1979.06,1424.93,576.65,391062.26,Loamy,Yes,404.78,10.22,High,No,Medium
416,1477,915.75,1532.08,620.01,380952,Clay,No,283.42,10.07,Medium,No,Medium
312,3240,633.91,483.46,195.65,197779.92,Silty,No,346.6,17.61,Medium,Yes,Small
197.6,4302,2329.83,1338.25,541.57,460374.41,Clay,No,554.19,15.21,Medium,No,Small
156,1962,610.81,769.29,311.32,95286.36,Peaty,Yes,467.5,8.48,High,No,Large
312,3810,292.15,189.48,76.68,91150.8,Peaty,No,327.28,10.48,High,No,Small
312,3120,1794.59,1421.32,575.19,559912.08,Peaty,No,454.97,9.17,Low,Yes,Medium
156,1911,190.97,246.93,99.93,29791.32,Silty,No,370.18,10.19,Low,Yes,Small
166.4,1495,1303.19,2154.01,871.7,216850.82,Clay,No,284.76,9.45,High,Yes,Small
208,2490,2202.8,2186.04,884.66,458182.4,Loamy,No,387.94,7.81,Low,Yes,Small
208,3149,2302.96,1807.15,731.33,479015.68,Clay,Yes,472.47,9.2,High,No,Medium
416,1924,850.02,1091.71,441.8,353608.32,Silty,No,535.76,11.75,High,No,Small
197.6,3786,2604.31,1699.79,687.88,514611.66,Silty,Yes,333.34,10.37,Medium,No,Medium
156,2040,956.9,1159.1,469.07,149276.4,Clay,Yes,423.03,11.38,Medium,Yes,Medium
166.4,1656,280.54,418.62,169.41,46681.86,Loamy,Yes,591.62,14.3,Medium,No,Small
176.8,1823,1772.78,2402.97,972.45,313427.5,Clay,Yes,255.48,14.54,Medium,Yes,Medium
312,3080,1670.72,1340.4,542.44,521264.64,Peaty,Yes,351.84,20.34,Medium,Yes,Large
416,1461,280.99,475.26,192.33,116891.84,Clay,Yes,429.78,11.69,Medium,Yes,Large
520,2463,606.1,608.08,246.08,315172,Clay,Yes,306.9,1.4,Medium,Yes,Large
176.8,2300,1537.78,1652.14,668.6,271879.5,Sandy,Yes,444.92,15.69,Medium,Yes,Large
416,1852,516.78,689.52,279.04,214980.48,Silty,Yes,341.92,14.75,Medium,Yes,Small
260,3554,635.81,442.07,178.9,165310.6,Sandy,No,566.2,13.54,Medium,Yes,Large
312,3259,1749.79,1326.73,536.91,545934.48,Clay,No,471.85,9.92,Medium,No,Large
197.6,4685,1286.03,678.3,274.5,254119.53,Loamy,Yes,398.34,10.07,Low,Yes,Small
166.4,1930,824.65,1055.83,427.28,137221.76,Loamy,Yes,311.76,11.29,Medium,No,Small
260,3659,1495.43,1009.92,408.7,388811.8,Loamy,No,326,9.67,Low,No,Small
260,3934,3098.03,1945.95,787.5,805487.8,Clay,No,344.66,13.9,Medium,No,Medium
156,2261,2165.07,2366.2,957.57,337750.92,Sandy,No,443.58,13.64,Medium,No,Large
208,3005,2773.07,2280.33,922.82,576798.56,Silty,No,314.19,16.84,High,Yes,Large
312,2835,2206.85,1923.54,778.43,688537.2,Sandy,No,463.1,9.82,Medium,Yes,Large
260,4015,3447.2,2121.59,858.58,896272,Loamy,No,445.46,9.44,Medium,Yes,Small
197.6,4607,2168.47,1163.1,470.69,428489.67,Sandy,No,363.2,12.07,Low,Yes,Medium
197.6,3778,572.52,374.46,151.54,113129.95,Loamy,Yes,414.92,11.23,Medium,Yes,Large
197.6,3090,1986.13,1588.29,642.76,392459.29,Clay,Yes,443.96,6.59,Low,No,Medium
312,3632,1162.09,790.64,319.96,362572.08,Peaty,Yes,460.43,10.03,Low,No,Medium
260,3271,1475.06,1114.32,450.95,383515.6,Loamy,Yes,533.96,10.81,Medium,No,Small
156,1720,1054.98,1515.64,613.36,164576.88,Loamy,Yes,384.81,14.9,High,No,Medium
156,1696,1142.82,1665.07,673.83,178279.92,Sandy,Yes,310.17,13.63,Medium,No,Medium
416,1391,920.55,1635.32,661.79,382948.8,Clay,No,394.66,6.25,Medium,No,Large
197.6,2976,2200.22,1826.9,739.32,434763.47,Silty,No,431.52,7.23,Medium,Yes,Small
260,4701,3965.25,2084.31,843.49,1030965,Silty,Yes,422.08,13.79,High,No,Medium
187.2,3456,330.05,235.99,95.5,61785.36,Loamy,Yes,579.02,7.32,Medium,Yes,Medium
520,3204,1802.47,1390.14,562.57,937284.4,Clay,No,351.79,10.67,High,No,Medium
197.6,4471,2772.6,1532.37,620.13,547865.76,Sandy,No,487.92,12.67,Medium,Yes,Large
197.6,4572,1950.78,1054.35,426.68,385474.13,Clay,Yes,572.05,14.05,Low,No,Medium
312,2926,503.15,424.92,171.96,156982.8,Loamy,Yes,418.13,15.76,Low,Yes,Medium
176.8,2279,1792,1943.01,786.31,316825.6,Sandy,No,359.75,8.32,Low,Yes,Medium
156,2050,1548.51,1866.56,755.37,241567.56,Peaty,No,314.78,9.25,High,No,Large
197.6,3238,1474.07,1124.92,455.24,291276.23,Loamy,No,550.2,12.22,Medium,Yes,Medium
260,4632,2306.74,1230.58,498,599752.4,Loamy,Yes,437.97,9.83,High,No,Medium
156,2225,435.88,484.08,195.9,67997.28,Clay,No,408.79,11.48,Low,Yes,Small
520,3820,2685.27,1737.02,702.95,1396340.4,Peaty,No,338.97,9.75,Low,No,Medium
166.4,1531,998.03,1610.83,651.88,166072.19,Loamy,Yes,434.27,13.83,High,No,Large
156,1824,140.78,190.72,77.18,21961.68,Loamy,No,538.15,16.22,Low,Yes,Medium
197.6,3021,1459.87,1194.11,483.24,288470.31,Silty,Yes,263.72,9.36,Medium,Yes,Medium
187.2,4147,2411.02,1436.64,581.39,451342.94,Loamy,No,495.18,8.03,Medium,Yes,Medium
312,1897,171.56,223.48,90.44,53526.72,Clay,No,119.14,11.21,High,No,Medium
208,2423,1058.61,1079.6,436.9,220190.88,Loamy,Yes,440.28,6.16,Medium,No,Medium
520,2216,2106.2,2348.61,950.45,1095224,Loamy,Yes,279.57,10.77,High,No,Small
312,2661,2031.51,1886.5,763.44,633831.12,Sandy,No,354.55,16.35,Low,No,Medium
187.2,3335,2562.25,1898.48,768.29,479653.2,Loamy,Yes,205.55,8.85,Medium,Yes,Small
187.2,5827,1492.82,633.06,256.19,279455.9,Silty,No,327.14,14.01,Low,No,Small
208,2490,2071.43,2055.67,831.9,430857.44,Silty,No,430.61,17.24,High,No,Medium
416,1481,565.98,944.34,382.16,235447.68,Clay,No,409.29,10.32,Low,Yes,Large
187.2,4509,3586.73,1965.62,795.46,671435.86,Sandy,No,483.72,7.8,Low,No,Large
176.8,2514,360.56,354.4,143.42,63747.01,Silty,No,527.04,12.22,Low,No,Small
187.2,4328,1802.27,1028.99,416.42,337384.94,Peaty,No,319.96,13.39,Low,No,Large
260,3295,1837.13,1377.73,557.55,477653.8,Sandy,No,410.08,15.96,High,Yes,Medium
260,3475,1538.1,1093.74,442.62,399906,Clay,Yes,310.54,11.7,High,No,Small
208,2160,328.62,375.95,152.14,68352.96,Clay,Yes,352.78,6.5,Medium,Yes,Large
166.4,1615,92.72,141.86,57.41,15428.61,Loamy,Yes,329.89,8.78,Medium,Yes,Medium
187.2,4495,3535.86,1943.78,786.62,661912.99,Sandy,No,376.18,8.86,Medium,No,Small
260,4536,1327.01,722.91,292.55,345022.6,Loamy,No,519.58,11.7,High,No,Medium
520,2850,790.79,685.64,277.47,411210.8,Clay,No,254.79,15.43,Low,Yes,Small
156,1852,201.02,268.21,108.54,31359.12,Peaty,Yes,353.88,16.76,High,No,Large
208,3348,2540.4,1874.98,758.78,528403.2,Sandy,No,537.48,14.24,Low,Yes,Small
197.6,3817,3814.14,2469.2,999.25,753674.06,Sandy,Yes,319.71,11.09,High,No,Medium
208,3179,1287.08,1000.45,404.87,267712.64,Peaty,Yes,474.25,13.08,Medium,No,Small
176.8,2043,1676.83,2028.16,820.77,296463.54,Peaty,No,256.62,18.43,Medium,Yes,Medium
520,3036,778.67,633.77,256.48,404908.4,Peaty,Yes,395.87,12.49,Medium,No,Small
187.2,4201,1545.63,909.15,367.92,289341.94,Loamy,Yes,523.09,15.93,Medium,Yes,Small
260,2252,1443.94,1584.39,641.18,375424.4,Peaty,No,293.8,14.62,Medium,No,Small
166.4,1674,1396.05,2060.76,833.96,232302.72,Loamy,No,466.36,11.87,Low,Yes,Large
176.8,2696,377.71,346.19,140.1,66779.13,Clay,No,401.43,10.34,Medium,No,Medium
166.4,1199,1058.84,2182.18,883.1,176190.98,Loamy,Yes,253.4,9.93,Medium,No,Large
156,2267,2168.73,2363.93,956.65,338321.88,Silty,No,364.98,15.34,Medium,No,Medium
197.6,2852,431.08,373.5,151.15,85181.41,Silty,Yes,192.88,10.67,High,No,Medium
520,3331,2138.24,1586.22,641.92,1111884.8,Clay,Yes,470.52,10.53,Medium,No,Large
156,1989,1500.46,1864.11,754.38,234071.76,Peaty,No,447.9,15.98,Low,No,Medium
156,2248,441.57,485.39,196.43,68884.92,Sandy,No,341.44,14.81,Medium,No,Medium
166.4,1496,395.9,653.94,264.64,65877.76,Loamy,No,493.38,11.03,Medium,No,Medium
208,2876,1002.17,861.06,348.46,208451.36,Peaty,Yes,509.11,10.9,Medium,Yes,Large
520,4011,1440.43,887.4,359.12,749023.6,Loamy,No,363.87,14.89,Medium,No,Small
166.4,1915,105.15,135.69,54.91,17496.96,Loamy,No,337.11,19.37,Low,No,Medium
312,1841,1705.02,2288.54,926.14,531966.24,Peaty,No,203.12,10.71,Low,No,Medium
416,1454,1348.96,2292.54,927.76,561167.36,Clay,No,446.99,17.1,Medium,No,Large
260,4525,3664.8,2001.3,809.9,952848,Clay,Yes,424.05,8.88,Medium,No,Medium
416,2023,773.23,944.48,382.22,321663.68,Clay,Yes,368.82,10.01,Low,No,Large
260,3904,3798.55,2404.31,972.99,987623,Silty,Yes,354.31,16.07,Low,Yes,Small
166.4,1691,102.95,150.44,60.88,17130.88,Silty,No,394.89,13.26,Low,Yes,Large
197.6,3808,2777.21,1802.16,729.31,548776.7,Sandy,Yes,521.39,14.1,Medium,No,Small
260,4340,447.84,254.99,103.19,116438.4,Loamy,Yes,357.77,8.37,Medium,No,Large
312,2956,1867.78,1561.36,631.86,582747.36,Loamy,No,378.96,14,Medium,No,Medium
208,2610,2488.66,2356.17,953.51,517641.28,Clay,Yes,336.51,12.28,Medium,No,Small
416,2051,600.1,723,292.59,249641.6,Silty,Yes,509.77,18.97,High,No,Large
176.8,2331,1159.63,1229.3,497.48,205022.58,Silty,Yes,452.7,9.84,Medium,No,Large
520,3784,3614.82,2360.57,955.29,1879706.4,Peaty,No,405.02,12.7,Low,No,Medium
176.8,2018,1609.62,1970.98,797.63,284580.82,Loamy,Yes,266.93,13.54,Low,No,Medium
312,3398,1395.8,1015.03,410.77,435489.6,Loamy,Yes,519.32,10.78,High,No,Large
520,3752,2034.56,1339.95,542.26,1057971.2,Sandy,Yes,512.8,15.93,Low,Yes,Large
208,3083,1446.14,1159.1,469.07,300797.12,Silty,Yes,483.72,16.5,Low,No,Medium
416,2114,448.82,524.63,212.31,186709.12,Clay,No,497.58,9.95,Medium,No,Small
166.4,1473,1392.49,2335.98,945.34,231710.34,Silty,No,330.52,15.74,Low,No,Large
176.8,2662,430.26,399.4,161.63,76069.97,Clay,Yes,473.23,15.38,Low,No,Medium
312,3059,235.54,190.27,77,73488.48,Clay,Yes,365.06,11.69,Low,No,Small
416,2035,1741.98,2115.24,856.01,724663.68,Loamy,Yes,419.91,13.86,Medium,Yes,Small
187.2,5009,1885.14,929.98,376.35,352898.21,Sandy,Yes,458.57,8.1,Medium,No,Large
187.2,5150,4661.27,2236.55,905.1,872589.74,Silty,Yes,452.34,9.86,Low,No,Small
197.6,3348,2545.08,1878.44,760.18,502907.81,Clay,No,538.26,11.82,Medium,No,Medium
208,3046,2856.48,2317.3,937.78,594147.84,Loamy,No,422.87,12.02,Medium,Yes,Large
208,3235,1530.8,1169.3,473.2,318406.4,Clay,No,342.24,12.54,Low,Yes,Medium
197.6,3373,1600.25,1172.34,474.43,316209.4,Loamy,No,468.98,15.3,Medium,Yes,Small
166.4,2148,1612.98,1855.56,750.92,268399.87,Sandy,Yes,394.55,10.03,Medium,Yes,Small
260,3794,2820.69,1837.13,743.46,733379.4,Clay,Yes,304.74,15.34,Low,No,Large
176.8,2499,1531.39,1514.26,612.8,270749.75,Sandy,Yes,476.39,11.95,Medium,Yes,Medium
312,3706,2453.59,1635.98,662.06,765520.08,Clay,No,416.4,11.88,High,Yes,Medium
208,2447,352.15,355.61,143.91,73247.2,Silty,No,544.16,13.84,High,No,Small
187.2,3328,1867.17,1386.38,561.05,349534.22,Peaty,Yes,330.38,4.78,High,Yes,Medium
416,1547,753.14,1203.01,486.84,313306.24,Clay,No,405.01,12.19,Low,Yes,Large
187.2,5495,5099.25,2293.08,927.98,954579.6,Peaty,No,464.47,14.51,Medium,No,Small
260,3020,1595.86,1305.78,528.43,414923.6,Silty,Yes,271.67,13.31,Medium,Yes,Medium
520,3516,1869.49,1313.88,531.71,972134.8,Loamy,No,536.09,16.62,Medium,Yes,Medium
197.6,4134,3675.37,2196.91,889.06,726253.11,Clay,Yes,647.13,14.01,Medium,Yes,Small
416,2067,1552.03,1855.41,750.86,645644.48,Silty,Yes,416.71,16.18,Low,Yes,Small
156,2032,1535.91,1867.77,755.86,239601.96,Silty,Yes,358.92,10.81,Low,Yes,Small
208,2625,1401.67,1319.47,533.97,291547.36,Peaty,Yes,507.94,5.72,Low,Yes,Large
416,1379,523.95,938.88,379.95,217963.2,Clay,Yes,199.77,12.25,Medium,No,Small
416,1445,719.99,1231.23,498.26,299515.84,Loamy,No,548.01,15.73,High,No,Large
312,2620,2600.25,2452.42,992.46,811278,Peaty,Yes,236.81,11.48,Medium,Yes,Large
260,3355,2719.7,2003.13,810.64,707122,Clay,No,244.63,17.68,Medium,Yes,Large
520,3201,606.01,467.82,189.32,315125.2,Sandy,No,454.19,12.97,Medium,No,Medium
416,1823,311.35,422.03,170.79,129521.6,Peaty,No,368.7,17.7,High,Yes,Large
312,3747,898.19,592.34,239.71,280235.28,Clay,Yes,494.38,9.93,Medium,No,Large
520,3431,2814.35,2026.93,820.27,1463462,Silty,Yes,342.14,9.64,Medium,Yes,Small
208,2030,826.92,1006.58,407.35,171999.36,Peaty,Yes,406.08,7.19,Medium,No,Medium
260,3812,3662.57,2374.18,960.8,952268.2,Sandy,Yes,449.95,7.87,High,Yes,Medium
166.4,1877,1145.44,1507.96,610.25,190601.22,Silty,Yes,505.42,13.8,Low,Yes,Medium
520,2908,2289.73,1945.68,787.39,1190659.6,Loamy,Yes,383.54,12.92,Low,Yes,Large
312,3070,1381.22,1111.75,449.91,430940.64,Clay,No,473.81,11.68,Medium,Yes,Medium
260,3672,661.22,444.96,180.07,171917.2,Clay,Yes,444.34,14.97,Low,Yes,Large
187.2,5720,1183.7,511.36,206.94,221588.64,Peaty,Yes,590.54,8.68,Medium,Yes,Medium
176.8,2539,1473.46,1434.02,580.33,260507.73,Clay,No,416.38,18.68,Medium,Yes,Medium
156,1393,979.22,1737.05,702.96,152758.32,Peaty,Yes,448.49,7.45,High,No,Medium
176.8,2488,808.13,802.62,324.81,142877.38,Clay,No,457.89,11.88,Low,Yes,Medium
208,1806,1001.1,1369.75,554.32,208228.8,Silty,Yes,272.9,13,Medium,No,Large
260,3411,2752.1,1993.72,806.83,715546,Peaty,No,448.3,9.54,Medium,Yes,Large
187.2,4082,2279.23,1379.74,558.36,426671.86,Clay,No,335.13,10.94,Medium,Yes,Large
156,1773,1485.65,2070.57,837.93,231761.4,Sandy,Yes,314.88,17.28,High,No,Small
312,3234,2221.08,1697.09,686.79,692976.96,Silty,No,475.92,13.99,Medium,Yes,Small
260,3256,2804.56,2128.44,861.35,729185.6,Clay,No,484.17,9.94,Medium,Yes,Large
260,3306,2534.21,1894.18,766.55,658894.6,Clay,No,392.03,13.99,Low,Yes,Medium
176.8,2389,2310.45,2389.8,967.12,408487.56,Loamy,No,531.19,17.14,Medium,No,Small
197.6,4131,1883.86,1126.87,456.03,372250.74,Sandy,Yes,494.49,11.91,High,No,Large
166.4,1846,781.28,1045.82,423.23,130004.99,Silty,Yes,438.82,14.76,High,No,Small
197.6,4168,1710.63,1014.17,410.42,338020.49,Peaty,No,407.33,8.99,High,No,Small
520,2664,1002.12,929.53,376.17,521102.4,Loamy,Yes,267.07,12.32,Low,Yes,Large
260,3474,1963.92,1396.93,565.32,510619.2,Peaty,No,430.66,12.66,Low,No,Large
260,3986,2670.58,1655.58,669.99,694350.8,Peaty,Yes,368.62,12.48,High,No,Small
176.8,2667,817.94,757.85,306.69,144611.79,Sandy,Yes,610.13,11.09,Low,No,Medium
187.2,4490,592.46,326.06,131.95,110908.51,Clay,Yes,379.15,10.27,Medium,No,Small
156,1637,1441.21,2175.51,880.4,224828.76,Sandy,No,392.7,14.72,Medium,No,Large
260,2521,689.64,675.98,273.56,179306.4,Sandy,Yes,292,13.34,Low,Yes,Large
187.2,4585,2241.19,1207.87,488.81,419550.77,Peaty,Yes,417.45,15.17,Medium,Yes,Large
520,3125,2832.66,2239.88,906.45,1472983.2,Loamy,Yes,510.39,12.55,Low,No,Large
416,1758,139.06,195.46,79.1,57848.96,Sandy,Yes,348.88,12.83,Medium,No,Small
166.4,1867,1735.73,2297.31,929.69,288825.47,Clay,Yes,384.85,16.82,Medium,Yes,Medium
312,3372,1215.5,890.74,360.47,379236,Loamy,No,519.74,16.37,Medium,Yes,Small
416,1834,1543.79,2080.03,841.76,642216.64,Silty,No,366.96,11.63,Medium,Yes,Medium
416,1069,945.13,2184.73,884.13,393174.08,Loamy,No,286.12,16.19,High,Yes,Large
156,2201,1461.29,1640.58,663.92,227961.24,Silty,Yes,445.95,13.01,Medium,Yes,Large
166.4,1875,1068.69,1408.42,569.97,177830.02,Sandy,No,378.35,15.76,Medium,No,Small
312,2816,1625.82,1426.66,577.35,507255.84,Sandy,Yes,610.41,10.83,Low,No,Small
260,3259,2176.72,1650.44,667.91,565947.2,Loamy,Yes,425.01,10.65,High,No,Small
156,1640,129.64,195.34,79.05,20223.84,Silty,No,136.57,11.31,High,No,Large
156,1679,1399.45,2059.62,833.5,218314.2,Sandy,Yes,387.94,11.08,Low,Yes,Small
156,1402,1229.79,2167.53,877.17,191847.24,Sandy,No,672.09,6.69,High,Yes,Large
176.8,2905,219.85,187.01,75.68,38869.48,Silty,No,382.35,13.24,High,No,Small
197.6,3678,2389.34,1605.27,649.63,472133.58,Clay,No,428.02,9.78,Medium,No,Large
520,3779,2544.25,1663.66,673.26,1323010,Sandy,No,416.81,10.99,Medium,Yes,Large
312,2616,2248.48,2123.89,859.51,701525.76,Silty,Yes,422.03,13.06,High,No,Large
187.2,3559,2893.29,2008.84,812.95,541623.89,Loamy,Yes,297.58,14.05,High,No,Large
312,2220,746.36,830.77,336.2,232864.32,Sandy,Yes,270.64,10.02,Medium,No,Small
260,3948,2156.83,1349.96,546.31,560775.8,Loamy,Yes,307.98,13.85,High,Yes,Medium
166.4,2098,435.69,513.16,207.67,72498.82,Clay,No,366.39,9.4,Medium,Yes,Large
416,1172,920.41,1940.59,785.33,382890.56,Clay,Yes,221.61,15.32,Low,No,Medium
156,1915,1244.9,1606.38,650.08,194204.4,Silty,No,422.85,13.37,Medium,Yes,Medium
187.2,5775,5718.64,2446.93,990.24,1070529.41,Silty,Yes,396,9.08,Medium,Yes,Large
312,2701,1649.72,1509.27,610.78,514712.64,Loamy,No,482.84,11.92,Low,No,Small
312,3485,2854.25,2023.81,819.01,890526,Loamy,Yes,524.36,10.44,Medium,Yes,Large
197.6,3312,564.86,421.44,170.55,111616.34,Silty,Yes,327,13.43,High,Yes,Small
187.2,3849,506.3,325.04,131.54,94779.36,Loamy,No,644.58,10.34,Medium,Yes,Medium
260,4184,3236.91,1911.7,773.64,841596.6,Loamy,Yes,399.65,15.86,Medium,Yes,Small
260,4491,4371.4,2405.25,973.37,1136564,Sandy,No,563.15,10.32,Low,Yes,Large
208,2371,226.55,236.11,95.55,47122.4,Clay,Yes,429.63,7.07,Low,No,Large
312,2578,472.24,452.65,183.18,147338.88,Silty,Yes,379.81,8.31,Medium,No,Medium
187.2,5083,4689.47,2279.74,922.58,877868.78,Silty,No,343.44,15.08,Medium,Yes,Small
156,1867,1379.54,1825.88,738.91,215208.24,Sandy,No,357.88,13.36,High,No,Small
520,2944,2583.65,2168.59,877.6,1343498,Loamy,Yes,307.01,13.73,High,No,Large
520,3252,3251.71,2470.83,999.91,1690889.2,Loamy,Yes,329.06,14.49,Low,Yes,Small
156,2213,411.97,460.01,186.16,64267.32,Silty,Yes,418.5,13.16,Low,Yes,Small
520,3510,2794.59,1967.4,796.18,1453186.8,Loamy,Yes,627.37,13.18,Medium,No,Medium
